datetime,open,close,high,low,vol,amount,year,month,day,hour,minute,datetime,volume
2022-11-16 09:55:00,2.608,2.613,2.613,2.608,14838100.0,38732052.0,2022,11,16,9,55,2022-11-16 09:55,14838100.0
2022-11-16 10:00:00,2.613,2.617,2.619,2.613,21645300.0,56638024.0,2022,11,16,10,0,2022-11-16 10:00,21645300.0
2022-11-16 10:05:00,2.618,2.624,2.625,2.615,16618100.0,43539280.0,2022,11,16,10,5,2022-11-16 10:05,16618100.0
2022-11-16 10:10:00,2.623,2.619,2.626,2.619,17358300.0,45518864.0,2022,11,16,10,10,2022-11-16 10:10,17358300.0
2022-11-16 10:15:00,2.62,2.622,2.623,2.618,10879400.0,28498266.0,2022,11,16,10,15,2022-11-16 10:15,10879400.0
2022-11-16 10:20:00,2.623,2.626,2.627,2.621,10553000.0,27694756.0,2022,11,16,10,20,2022-11-16 10:20,10553000.0
2022-11-16 10:25:00,2.627,2.631,2.631,2.625,18738000.0,49240416.0,2022,11,16,10,25,2022-11-16 10:25,18738000.0
2022-11-16 10:30:00,2.631,2.633,2.637,2.631,25230800.0,66445032.0,2022,11,16,10,30,2022-11-16 10:30,25230800.0
2022-11-16 10:35:00,2.633,2.63,2.634,2.63,15778500.0,41530392.0,2022,11,16,10,35,2022-11-16 10:35,15778500.0
2022-11-16 10:40:00,2.63,2.626,2.63,2.626,15238300.0,40045360.0,2022,11,16,10,40,2022-11-16 10:40,15238300.0
2022-11-16 10:45:00,2.626,2.625,2.628,2.624,9114500.0,23928710.0,2022,11,16,10,45,2022-11-16 10:45,9114500.0
2022-11-16 10:50:00,2.627,2.625,2.628,2.624,7313500.0,19206144.0,2022,11,16,10,50,2022-11-16 10:50,7313500.0
2022-11-16 10:55:00,2.626,2.622,2.626,2.618,21821300.0,57181408.0,2022,11,16,10,55,2022-11-16 10:55,21821300.0
2022-11-16 11:00:00,2.621,2.62,2.625,2.619,6473700.0,16973464.0,2022,11,16,11,0,2022-11-16 11:00,6473700.0
2022-11-16 11:05:00,2.621,2.627,2.628,2.62,12835300.0,33690296.0,2022,11,16,11,5,2022-11-16 11:05,12835300.0
2022-11-16 11:10:00,2.628,2.625,2.629,2.625,9670000.0,25405546.0,2022,11,16,11,10,2022-11-16 11:10,9670000.0
2022-11-16 11:15:00,2.626,2.627,2.63,2.625,7017600.0,18437476.0,2022,11,16,11,15,2022-11-16 11:15,7017600.0
2022-11-16 11:20:00,2.627,2.622,2.627,2.622,8014700.0,21032084.0,2022,11,16,11,20,2022-11-16 11:20,8014700.0
2022-11-16 11:25:00,2.622,2.62,2.624,2.62,10767300.0,28226448.0,2022,11,16,11,25,2022-11-16 11:25,10767300.0
2022-11-16 11:30:00,2.62,2.621,2.623,2.619,10895200.0,28550560.0,2022,11,16,11,30,2022-11-16 11:30,10895200.0
2022-11-16 13:05:00,2.621,2.617,2.622,2.616,6798300.0,17800510.0,2022,11,16,13,5,2022-11-16 13:05,6798300.0
2022-11-16 13:10:00,2.617,2.618,2.62,2.615,8860800.0,23194430.0,2022,11,16,13,10,2022-11-16 13:10,8860800.0
2022-11-16 13:15:00,2.619,2.617,2.62,2.617,6945100.0,18189116.0,2022,11,16,13,15,2022-11-16 13:15,6945100.0
2022-11-16 13:20:00,2.617,2.619,2.62,2.615,4655300.0,12186679.0,2022,11,16,13,20,2022-11-16 13:20,4655300.0
2022-11-16 13:25:00,2.62,2.618,2.621,2.617,8561000.0,22423214.0,2022,11,16,13,25,2022-11-16 13:25,8561000.0
2022-11-16 13:30:00,2.617,2.616,2.619,2.615,12641600.0,33090452.0,2022,11,16,13,30,2022-11-16 13:30,12641600.0
2022-11-16 13:35:00,2.616,2.614,2.616,2.613,21901700.0,57270268.0,2022,11,16,13,35,2022-11-16 13:35,21901700.0
2022-11-16 13:40:00,2.614,2.614,2.617,2.612,25672800.0,67126096.0,2022,11,16,13,40,2022-11-16 13:40,25672800.0
2022-11-16 13:45:00,2.614,2.615,2.616,2.613,15870900.0,41493496.0,2022,11,16,13,45,2022-11-16 13:45,15870900.0
2022-11-16 13:50:00,2.615,2.619,2.619,2.614,14262900.0,37326000.0,2022,11,16,13,50,2022-11-16 13:50,14262900.0
2022-11-16 13:55:00,2.618,2.617,2.619,2.615,9391900.0,24578312.0,2022,11,16,13,55,2022-11-16 13:55,9391900.0
2022-11-16 14:00:00,2.617,2.618,2.619,2.615,6428800.0,16821288.0,2022,11,16,14,0,2022-11-16 14:00,6428800.0
2022-11-16 14:05:00,2.618,2.623,2.623,2.618,16088200.0,42148872.0,2022,11,16,14,5,2022-11-16 14:05,16088200.0
2022-11-16 14:10:00,2.623,2.62,2.623,2.619,17819000.0,46698232.0,2022,11,16,14,10,2022-11-16 14:10,17819000.0
2022-11-16 14:15:00,2.62,2.618,2.62,2.618,17389500.0,45531432.0,2022,11,16,14,15,2022-11-16 14:15,17389500.0
2022-11-16 14:20:00,2.618,2.617,2.619,2.616,14712400.0,38509048.0,2022,11,16,14,20,2022-11-16 14:20,14712400.0
2022-11-16 14:25:00,2.617,2.613,2.617,2.612,13264900.0,34674232.0,2022,11,16,14,25,2022-11-16 14:25,13264900.0
2022-11-16 14:30:00,2.613,2.614,2.616,2.612,18307200.0,47844568.0,2022,11,16,14,30,2022-11-16 14:30,18307200.0
2022-11-16 14:35:00,2.614,2.614,2.617,2.614,15406800.0,40293816.0,2022,11,16,14,35,2022-11-16 14:35,15406800.0
2022-11-16 14:40:00,2.614,2.611,2.615,2.611,13741400.0,35896844.0,2022,11,16,14,40,2022-11-16 14:40,13741400.0
2022-11-16 14:45:00,2.611,2.614,2.615,2.611,29546900.0,77206432.0,2022,11,16,14,45,2022-11-16 14:45,29546900.0
2022-11-16 14:50:00,2.614,2.614,2.616,2.613,13427600.0,35101808.0,2022,11,16,14,50,2022-11-16 14:50,13427600.0
2022-11-16 14:55:00,2.614,2.614,2.616,2.613,22547700.0,58946716.0,2022,11,16,14,55,2022-11-16 14:55,22547700.0
2022-11-16 15:00:00,2.614,2.615,2.616,2.614,12494900.0,32675356.0,2022,11,16,15,0,2022-11-16 15:00,12494900.0
2022-11-17 09:35:00,2.604,2.604,2.61,2.602,31193000.0,81271688.0,2022,11,17,9,35,2022-11-17 09:35,31193000.0
2022-11-17 09:40:00,2.604,2.606,2.609,2.602,33909200.0,88339896.0,2022,11,17,9,40,2022-11-17 09:40,33909200.0
2022-11-17 09:45:00,2.605,2.607,2.61,2.603,24767700.0,64553248.0,2022,11,17,9,45,2022-11-17 09:45,24767700.0
2022-11-17 09:50:00,2.607,2.6,2.608,2.599,24965500.0,65002232.0,2022,11,17,9,50,2022-11-17 09:50,24965500.0
2022-11-17 09:55:00,2.6,2.597,2.602,2.596,20596900.0,53549076.0,2022,11,17,9,55,2022-11-17 09:55,20596900.0
2022-11-17 10:00:00,2.596,2.599,2.6,2.596,15046900.0,39092020.0,2022,11,17,10,0,2022-11-17 10:00,15046900.0
2022-11-17 10:05:00,2.598,2.596,2.601,2.596,13143100.0,34146280.0,2022,11,17,10,5,2022-11-17 10:05,13143100.0
2022-11-17 10:10:00,2.597,2.594,2.597,2.591,23078700.0,59866460.0,2022,11,17,10,10,2022-11-17 10:10,23078700.0
2022-11-17 10:15:00,2.595,2.591,2.595,2.59,23775200.0,61635036.0,2022,11,17,10,15,2022-11-17 10:15,23775200.0
2022-11-17 10:20:00,2.591,2.59,2.592,2.586,22967200.0,59468516.0,2022,11,17,10,20,2022-11-17 10:20,22967200.0
2022-11-17 10:25:00,2.59,2.581,2.591,2.581,25104700.0,64896208.0,2022,11,17,10,25,2022-11-17 10:25,25104700.0
2022-11-17 10:30:00,2.582,2.58,2.582,2.575,31750700.0,81879144.0,2022,11,17,10,30,2022-11-17 10:30,31750700.0
2022-11-17 10:35:00,2.58,2.581,2.583,2.579,19597900.0,50577896.0,2022,11,17,10,35,2022-11-17 10:35,19597900.0
2022-11-17 10:40:00,2.58,2.582,2.583,2.578,12464300.0,32165118.0,2022,11,17,10,40,2022-11-17 10:40,12464300.0
2022-11-17 10:45:00,2.584,2.582,2.587,2.582,16480300.0,42589036.0,2022,11,17,10,45,2022-11-17 10:45,16480300.0
2022-11-17 10:50:00,2.582,2.584,2.586,2.581,15512500.0,40086504.0,2022,11,17,10,50,2022-11-17 10:50,15512500.0
2022-11-17 10:55:00,2.584,2.583,2.586,2.582,15057100.0,38902532.0,2022,11,17,10,55,2022-11-17 10:55,15057100.0
2022-11-17 11:00:00,2.582,2.588,2.588,2.581,16939600.0,43740656.0,2022,11,17,11,0,2022-11-17 11:00,16939600.0
2022-11-17 11:05:00,2.588,2.581,2.588,2.581,25238200.0,65226056.0,2022,11,17,11,5,2022-11-17 11:05,25238200.0
2022-11-17 11:10:00,2.581,2.579,2.582,2.579,13575800.0,35027872.0,2022,11,17,11,10,2022-11-17 11:10,13575800.0
2022-11-17 11:15:00,2.579,2.579,2.581,2.579,14071200.0,36301248.0,2022,11,17,11,15,2022-11-17 11:15,14071200.0
2022-11-17 11:20:00,2.578,2.578,2.58,2.577,13637800.0,35155776.0,2022,11,17,11,20,2022-11-17 11:20,13637800.0
2022-11-17 11:25:00,2.577,2.575,2.577,2.573,27727100.0,71395728.0,2022,11,17,11,25,2022-11-17 11:25,27727100.0
2022-11-17 11:30:00,2.576,2.574,2.576,2.571,15433900.0,39711300.0,2022,11,17,11,30,2022-11-17 11:30,15433900.0
2022-11-17 13:05:00,2.576,2.578,2.58,2.574,12099600.0,31176578.0,2022,11,17,13,5,2022-11-17 13:05,12099600.0
2022-11-17 13:10:00,2.578,2.577,2.58,2.576,7105700.0,18313470.0,2022,11,17,13,10,2022-11-17 13:10,7105700.0
2022-11-17 13:15:00,2.578,2.58,2.581,2.577,9368700.0,24165504.0,2022,11,17,13,15,2022-11-17 13:15,9368700.0
2022-11-17 13:20:00,2.581,2.583,2.585,2.581,21028900.0,54316612.0,2022,11,17,13,20,2022-11-17 13:20,21028900.0
2022-11-17 13:25:00,2.584,2.584,2.587,2.582,15959900.0,41260160.0,2022,11,17,13,25,2022-11-17 13:25,15959900.0
2022-11-17 13:30:00,2.583,2.581,2.585,2.58,20481700.0,52887756.0,2022,11,17,13,30,2022-11-17 13:30,20481700.0
2022-11-17 13:35:00,2.58,2.58,2.582,2.578,21562200.0,55635868.0,2022,11,17,13,35,2022-11-17 13:35,21562200.0
2022-11-17 13:40:00,2.579,2.585,2.587,2.579,22919300.0,59197180.0,2022,11,17,13,40,2022-11-17 13:40,22919300.0
2022-11-17 13:45:00,2.584,2.582,2.586,2.581,25742900.0,66515176.0,2022,11,17,13,45,2022-11-17 13:45,25742900.0
2022-11-17 13:50:00,2.582,2.58,2.584,2.579,26348000.0,68026184.0,2022,11,17,13,50,2022-11-17 13:50,26348000.0
2022-11-17 13:55:00,2.579,2.579,2.582,2.578,20010300.0,51609360.0,2022,11,17,13,55,2022-11-17 13:55,20010300.0
2022-11-17 14:00:00,2.579,2.58,2.581,2.578,15292200.0,39447772.0,2022,11,17,14,0,2022-11-17 14:00,15292200.0
2022-11-17 14:05:00,2.58,2.586,2.586,2.577,18407500.0,47498968.0,2022,11,17,14,5,2022-11-17 14:05,18407500.0
2022-11-17 14:10:00,2.586,2.588,2.588,2.583,16199100.0,41901592.0,2022,11,17,14,10,2022-11-17 14:10,16199100.0
2022-11-17 14:15:00,2.588,2.593,2.593,2.585,48070900.0,124411072.0,2022,11,17,14,15,2022-11-17 14:15,48070900.0
2022-11-17 14:20:00,2.593,2.591,2.593,2.588,22016000.0,57017228.0,2022,11,17,14,20,2022-11-17 14:20,22016000.0
2022-11-17 14:25:00,2.59,2.586,2.59,2.585,18246300.0,47207768.0,2022,11,17,14,25,2022-11-17 14:25,18246300.0
2022-11-17 14:30:00,2.586,2.588,2.59,2.585,17718500.0,45847748.0,2022,11,17,14,30,2022-11-17 14:30,17718500.0
2022-11-17 14:35:00,2.589,2.592,2.592,2.587,20797600.0,53860800.0,2022,11,17,14,35,2022-11-17 14:35,20797600.0
2022-11-17 14:40:00,2.591,2.592,2.594,2.591,30646300.0,79462424.0,2022,11,17,14,40,2022-11-17 14:40,30646300.0
2022-11-17 14:45:00,2.592,2.594,2.595,2.591,22528800.0,58417912.0,2022,11,17,14,45,2022-11-17 14:45,22528800.0
2022-11-17 14:50:00,2.595,2.598,2.599,2.594,45811900.0,118974080.0,2022,11,17,14,50,2022-11-17 14:50,45811900.0
2022-11-17 14:55:00,2.598,2.6,2.601,2.597,30347800.0,78880288.0,2022,11,17,14,55,2022-11-17 14:55,30347800.0
2022-11-17 15:00:00,2.601,2.6,2.601,2.599,23125400.0,60131016.0,2022,11,17,15,0,2022-11-17 15:00,23125400.0
2022-11-18 09:35:00,2.605,2.601,2.61,2.598,62100200.0,161761472.0,2022,11,18,9,35,2022-11-18 09:35,62100200.0
2022-11-18 09:40:00,2.601,2.594,2.603,2.593,33054800.0,85886040.0,2022,11,18,9,40,2022-11-18 09:40,33054800.0
2022-11-18 09:45:00,2.595,2.599,2.6,2.591,23937000.0,62100232.0,2022,11,18,9,45,2022-11-18 09:45,23937000.0
2022-11-18 09:50:00,2.599,2.6,2.605,2.598,28440900.0,73982616.0,2022,11,18,9,50,2022-11-18 09:50,28440900.0
2022-11-18 09:55:00,2.6,2.602,2.603,2.596,22545800.0,58610904.0,2022,11,18,9,55,2022-11-18 09:55,22545800.0
2022-11-18 10:00:00,2.601,2.598,2.602,2.597,13019000.0,33850188.0,2022,11,18,10,0,2022-11-18 10:00,13019000.0
2022-11-18 10:05:00,2.598,2.596,2.602,2.596,12197400.0,31702870.0,2022,11,18,10,5,2022-11-18 10:05,12197400.0
2022-11-18 10:10:00,2.596,2.603,2.606,2.596,16072500.0,41820016.0,2022,11,18,10,10,2022-11-18 10:10,16072500.0
2022-11-18 10:15:00,2.603,2.601,2.603,2.6,17367300.0,45177868.0,2022,11,18,10,15,2022-11-18 10:15,17367300.0
2022-11-18 10:20:00,2.601,2.602,2.603,2.599,8187300.0,21292002.0,2022,11,18,10,20,2022-11-18 10:20,8187300.0
2022-11-18 10:25:00,2.601,2.601,2.605,2.601,11857400.0,30873364.0,2022,11,18,10,25,2022-11-18 10:25,11857400.0
2022-11-18 10:30:00,2.601,2.596,2.601,2.596,18765500.0,48773520.0,2022,11,18,10,30,2022-11-18 10:30,18765500.0
2022-11-18 10:35:00,2.597,2.6,2.6,2.596,7798300.0,20263872.0,2022,11,18,10,35,2022-11-18 10:35,7798300.0
2022-11-18 10:40:00,2.599,2.594,2.599,2.594,11496200.0,29856826.0,2022,11,18,10,40,2022-11-18 10:40,11496200.0
2022-11-18 10:45:00,2.594,2.592,2.596,2.591,12688900.0,32913670.0,2022,11,18,10,45,2022-11-18 10:45,12688900.0
2022-11-18 10:50:00,2.592,2.587,2.594,2.587,15690700.0,40637988.0,2022,11,18,10,50,2022-11-18 10:50,15690700.0
2022-11-18 10:55:00,2.587,2.585,2.589,2.583,18076800.0,46747128.0,2022,11,18,10,55,2022-11-18 10:55,18076800.0
2022-11-18 11:00:00,2.583,2.586,2.586,2.582,15177300.0,39219056.0,2022,11,18,11,0,2022-11-18 11:00,15177300.0
2022-11-18 11:05:00,2.585,2.586,2.587,2.584,14496500.0,37481652.0,2022,11,18,11,5,2022-11-18 11:05,14496500.0
2022-11-18 11:10:00,2.586,2.59,2.59,2.584,18757500.0,48536176.0,2022,11,18,11,10,2022-11-18 11:10,18757500.0
2022-11-18 11:15:00,2.59,2.587,2.591,2.586,22379500.0,57919672.0,2022,11,18,11,15,2022-11-18 11:15,22379500.0
2022-11-18 11:20:00,2.587,2.587,2.591,2.586,16556100.0,42846752.0,2022,11,18,11,20,2022-11-18 11:20,16556100.0
2022-11-18 11:25:00,2.588,2.591,2.595,2.587,17790300.0,46085820.0,2022,11,18,11,25,2022-11-18 11:25,17790300.0
2022-11-18 11:30:00,2.591,2.591,2.593,2.591,14573000.0,37779136.0,2022,11,18,11,30,2022-11-18 11:30,14573000.0
2022-11-18 13:05:00,2.59,2.589,2.597,2.589,14768800.0,38301196.0,2022,11,18,13,5,2022-11-18 13:05,14768800.0
2022-11-18 13:10:00,2.59,2.587,2.59,2.586,9642200.0,24952572.0,2022,11,18,13,10,2022-11-18 13:10,9642200.0
2022-11-18 13:15:00,2.587,2.596,2.597,2.587,10674900.0,27660948.0,2022,11,18,13,15,2022-11-18 13:15,10674900.0
2022-11-18 13:20:00,2.596,2.612,2.614,2.596,33040600.0,86139104.0,2022,11,18,13,20,2022-11-18 13:20,33040600.0
2022-11-18 13:25:00,2.613,2.6,2.613,2.6,16811400.0,43793944.0,2022,11,18,13,25,2022-11-18 13:25,16811400.0
2022-11-18 13:30:00,2.6,2.599,2.602,2.598,13178100.0,34265484.0,2022,11,18,13,30,2022-11-18 13:30,13178100.0
2022-11-18 13:35:00,2.599,2.598,2.6,2.596,7520900.0,19536866.0,2022,11,18,13,35,2022-11-18 13:35,7520900.0
2022-11-18 13:40:00,2.598,2.6,2.602,2.598,4140300.0,10762695.0,2022,11,18,13,40,2022-11-18 13:40,4140300.0
2022-11-18 13:45:00,2.601,2.597,2.601,2.596,6824400.0,17727576.0,2022,11,18,13,45,2022-11-18 13:45,6824400.0
2022-11-18 13:50:00,2.598,2.598,2.599,2.595,8133500.0,21118370.0,2022,11,18,13,50,2022-11-18 13:50,8133500.0
2022-11-18 13:55:00,2.597,2.602,2.602,2.596,10979200.0,28522570.0,2022,11,18,13,55,2022-11-18 13:55,10979200.0
2022-11-18 14:00:00,2.602,2.6,2.602,2.598,9921700.0,25802088.0,2022,11,18,14,0,2022-11-18 14:00,9921700.0
2022-11-18 14:05:00,2.6,2.597,2.601,2.596,12223500.0,31770538.0,2022,11,18,14,5,2022-11-18 14:05,12223500.0
2022-11-18 14:10:00,2.598,2.594,2.598,2.592,15689600.0,40702248.0,2022,11,18,14,10,2022-11-18 14:10,15689600.0
2022-11-18 14:15:00,2.593,2.594,2.596,2.593,9487800.0,24609292.0,2022,11,18,14,15,2022-11-18 14:15,9487800.0
2022-11-18 14:20:00,2.594,2.592,2.595,2.591,10899800.0,28261806.0,2022,11,18,14,20,2022-11-18 14:20,10899800.0
2022-11-18 14:25:00,2.592,2.596,2.598,2.591,9496700.0,24646088.0,2022,11,18,14,25,2022-11-18 14:25,9496700.0
2022-11-18 14:30:00,2.596,2.594,2.597,2.593,10538700.0,27348544.0,2022,11,18,14,30,2022-11-18 14:30,10538700.0
2022-11-18 14:35:00,2.594,2.593,2.595,2.591,9928800.0,25741746.0,2022,11,18,14,35,2022-11-18 14:35,9928800.0
2022-11-18 14:40:00,2.593,2.59,2.595,2.59,15853800.0,41098840.0,2022,11,18,14,40,2022-11-18 14:40,15853800.0
2022-11-18 14:45:00,2.59,2.59,2.593,2.589,13628700.0,35312720.0,2022,11,18,14,45,2022-11-18 14:45,13628700.0
2022-11-18 14:50:00,2.589,2.589,2.591,2.588,10541000.0,27297312.0,2022,11,18,14,50,2022-11-18 14:50,10541000.0
2022-11-18 14:55:00,2.59,2.59,2.591,2.589,15469700.0,40063740.0,2022,11,18,14,55,2022-11-18 14:55,15469700.0
2022-11-18 15:00:00,2.591,2.59,2.592,2.589,20059600.0,51973420.0,2022,11,18,15,0,2022-11-18 15:00,20059600.0
2022-11-21 09:35:00,2.568,2.542,2.57,2.526,149652304.0,380502016.0,2022,11,21,9,35,2022-11-21 09:35,149652304.0
2022-11-21 09:40:00,2.541,2.545,2.546,2.538,61061700.0,155200992.0,2022,11,21,9,40,2022-11-21 09:40,61061700.0
2022-11-21 09:45:00,2.544,2.548,2.549,2.542,20644600.0,52534304.0,2022,11,21,9,45,2022-11-21 09:45,20644600.0
2022-11-21 09:50:00,2.549,2.538,2.549,2.537,24895200.0,63278224.0,2022,11,21,9,50,2022-11-21 09:50,24895200.0
2022-11-21 09:55:00,2.538,2.538,2.539,2.536,20552900.0,52146332.0,2022,11,21,9,55,2022-11-21 09:55,20552900.0
2022-11-21 10:00:00,2.538,2.534,2.538,2.531,29768300.0,75458320.0,2022,11,21,10,0,2022-11-21 10:00,29768300.0
2022-11-21 10:05:00,2.534,2.533,2.535,2.53,38646500.0,97852888.0,2022,11,21,10,5,2022-11-21 10:05,38646500.0
2022-11-21 10:10:00,2.534,2.534,2.536,2.531,35215700.0,89203976.0,2022,11,21,10,10,2022-11-21 10:10,35215700.0
2022-11-21 10:15:00,2.534,2.535,2.536,2.532,8624600.0,21850926.0,2022,11,21,10,15,2022-11-21 10:15,8624600.0
2022-11-21 10:20:00,2.535,2.536,2.539,2.534,11426700.0,28989132.0,2022,11,21,10,20,2022-11-21 10:20,11426700.0
2022-11-21 10:25:00,2.536,2.539,2.54,2.536,15177200.0,38507312.0,2022,11,21,10,25,2022-11-21 10:25,15177200.0
2022-11-21 10:30:00,2.539,2.543,2.543,2.537,18974900.0,48205344.0,2022,11,21,10,30,2022-11-21 10:30,18974900.0
2022-11-21 10:35:00,2.543,2.54,2.543,2.54,11141200.0,28307168.0,2022,11,21,10,35,2022-11-21 10:35,11141200.0
2022-11-21 10:40:00,2.541,2.539,2.541,2.536,7435000.0,18870324.0,2022,11,21,10,40,2022-11-21 10:40,7435000.0
2022-11-21 10:45:00,2.537,2.534,2.538,2.533,9871200.0,25018944.0,2022,11,21,10,45,2022-11-21 10:45,9871200.0
2022-11-21 10:50:00,2.534,2.531,2.534,2.53,13111500.0,33190684.0,2022,11,21,10,50,2022-11-21 10:50,13111500.0
2022-11-21 10:55:00,2.531,2.533,2.533,2.53,12025900.0,30448644.0,2022,11,21,10,55,2022-11-21 10:55,12025900.0
2022-11-21 11:00:00,2.533,2.534,2.536,2.531,13815900.0,35006508.0,2022,11,21,11,0,2022-11-21 11:00,13815900.0
2022-11-21 11:05:00,2.533,2.531,2.535,2.531,9213600.0,23332466.0,2022,11,21,11,5,2022-11-21 11:05,9213600.0
2022-11-21 11:10:00,2.531,2.534,2.535,2.53,11249400.0,28488208.0,2022,11,21,11,10,2022-11-21 11:10,11249400.0
2022-11-21 11:15:00,2.535,2.536,2.538,2.535,10783700.0,27349550.0,2022,11,21,11,15,2022-11-21 11:15,10783700.0
2022-11-21 11:20:00,2.536,2.536,2.536,2.533,5433900.0,13771965.0,2022,11,21,11,20,2022-11-21 11:20,5433900.0
2022-11-21 11:25:00,2.536,2.542,2.543,2.536,11681000.0,29677500.0,2022,11,21,11,25,2022-11-21 11:25,11681000.0
2022-11-21 11:30:00,2.542,2.539,2.542,2.538,9224200.0,23430088.0,2022,11,21,11,30,2022-11-21 11:30,9224200.0
2022-11-21 13:05:00,2.541,2.538,2.544,2.538,11763900.0,29888744.0,2022,11,21,13,5,2022-11-21 13:05,11763900.0
2022-11-21 13:10:00,2.539,2.535,2.539,2.535,3742200.0,9493992.0,2022,11,21,13,10,2022-11-21 13:10,3742200.0
2022-11-21 13:15:00,2.536,2.538,2.54,2.535,5202100.0,13202652.0,2022,11,21,13,15,2022-11-21 13:15,5202100.0
2022-11-21 13:20:00,2.539,2.542,2.545,2.539,9513100.0,24177014.0,2022,11,21,13,20,2022-11-21 13:20,9513100.0
2022-11-21 13:25:00,2.544,2.547,2.547,2.543,13350300.0,33970772.0,2022,11,21,13,25,2022-11-21 13:25,13350300.0
2022-11-21 13:30:00,2.547,2.545,2.549,2.543,7062900.0,17981112.0,2022,11,21,13,30,2022-11-21 13:30,7062900.0
2022-11-21 13:35:00,2.545,2.544,2.547,2.542,4549000.0,11575263.0,2022,11,21,13,35,2022-11-21 13:35,4549000.0
2022-11-21 13:40:00,2.544,2.548,2.549,2.542,7653100.0,19482480.0,2022,11,21,13,40,2022-11-21 13:40,7653100.0
2022-11-21 13:45:00,2.548,2.548,2.551,2.546,7895300.0,20123882.0,2022,11,21,13,45,2022-11-21 13:45,7895300.0
2022-11-21 13:50:00,2.547,2.547,2.548,2.544,9093700.0,23147430.0,2022,11,21,13,50,2022-11-21 13:50,9093700.0
2022-11-21 13:55:00,2.547,2.547,2.553,2.546,7499800.0,19120380.0,2022,11,21,13,55,2022-11-21 13:55,7499800.0
2022-11-21 14:00:00,2.547,2.555,2.555,2.547,10755600.0,27442388.0,2022,11,21,14,0,2022-11-21 14:00,10755600.0
2022-11-21 14:05:00,2.555,2.553,2.555,2.552,11008100.0,28109288.0,2022,11,21,14,5,2022-11-21 14:05,11008100.0
2022-11-21 14:10:00,2.552,2.551,2.552,2.55,3899000.0,9947434.0,2022,11,21,14,10,2022-11-21 14:10,3899000.0
2022-11-21 14:15:00,2.551,2.553,2.557,2.55,9013900.0,23017594.0,2022,11,21,14,15,2022-11-21 14:15,9013900.0
2022-11-21 14:20:00,2.554,2.552,2.555,2.551,13550400.0,34595680.0,2022,11,21,14,20,2022-11-21 14:20,13550400.0
2022-11-21 14:25:00,2.552,2.551,2.554,2.551,8516000.0,21730272.0,2022,11,21,14,25,2022-11-21 14:25,8516000.0
2022-11-21 14:30:00,2.552,2.551,2.552,2.549,11775300.0,30033772.0,2022,11,21,14,30,2022-11-21 14:30,11775300.0
2022-11-21 14:35:00,2.551,2.549,2.553,2.549,17650000.0,45022212.0,2022,11,21,14,35,2022-11-21 14:35,17650000.0
2022-11-21 14:40:00,2.55,2.55,2.551,2.548,14997600.0,38240052.0,2022,11,21,14,40,2022-11-21 14:40,14997600.0
2022-11-21 14:45:00,2.551,2.552,2.552,2.55,14743700.0,37615612.0,2022,11,21,14,45,2022-11-21 14:45,14743700.0
2022-11-21 14:50:00,2.552,2.555,2.555,2.551,12366700.0,31580252.0,2022,11,21,14,50,2022-11-21 14:50,12366700.0
2022-11-21 14:55:00,2.554,2.556,2.556,2.553,23475700.0,59973588.0,2022,11,21,14,55,2022-11-21 14:55,23475700.0
2022-11-21 15:00:00,2.556,2.557,2.558,2.555,28101400.0,71837496.0,2022,11,21,15,0,2022-11-21 15:00,28101400.0
2022-11-22 09:35:00,2.555,2.558,2.568,2.553,38750500.0,99256528.0,2022,11,22,9,35,2022-11-22 09:35,38750500.0
2022-11-22 09:40:00,2.557,2.559,2.56,2.554,18227500.0,46602140.0,2022,11,22,9,40,2022-11-22 09:40,18227500.0
2022-11-22 09:45:00,2.559,2.558,2.559,2.555,11006700.0,28148496.0,2022,11,22,9,45,2022-11-22 09:45,11006700.0
2022-11-22 09:50:00,2.559,2.551,2.559,2.55,11581000.0,29580536.0,2022,11,22,9,50,2022-11-22 09:50,11581000.0
2022-11-22 09:55:00,2.55,2.552,2.553,2.548,6565800.0,16746890.0,2022,11,22,9,55,2022-11-22 09:55,6565800.0
2022-11-22 10:00:00,2.552,2.552,2.553,2.55,8862200.0,22614202.0,2022,11,22,10,0,2022-11-22 10:00,8862200.0
2022-11-22 10:05:00,2.552,2.549,2.555,2.549,14084300.0,35944552.0,2022,11,22,10,5,2022-11-22 10:05,14084300.0
2022-11-22 10:10:00,2.549,2.548,2.551,2.547,10211700.0,26030662.0,2022,11,22,10,10,2022-11-22 10:10,10211700.0
2022-11-22 10:15:00,2.548,2.554,2.555,2.547,13880300.0,35423512.0,2022,11,22,10,15,2022-11-22 10:15,13880300.0
2022-11-22 10:20:00,2.554,2.554,2.555,2.551,8020000.0,20475356.0,2022,11,22,10,20,2022-11-22 10:20,8020000.0
2022-11-22 10:25:00,2.554,2.554,2.556,2.553,9395300.0,23997190.0,2022,11,22,10,25,2022-11-22 10:25,9395300.0
2022-11-22 10:30:00,2.554,2.553,2.554,2.55,5549200.0,14166517.0,2022,11,22,10,30,2022-11-22 10:30,5549200.0
2022-11-22 10:35:00,2.552,2.548,2.554,2.548,5460000.0,13922629.0,2022,11,22,10,35,2022-11-22 10:35,5460000.0
2022-11-22 10:40:00,2.547,2.547,2.55,2.546,9398600.0,23943324.0,2022,11,22,10,40,2022-11-22 10:40,9398600.0
2022-11-22 10:45:00,2.548,2.55,2.55,2.547,6035900.0,15382790.0,2022,11,22,10,45,2022-11-22 10:45,6035900.0
2022-11-22 10:50:00,2.549,2.551,2.551,2.547,5518900.0,14071874.0,2022,11,22,10,50,2022-11-22 10:50,5518900.0
2022-11-22 10:55:00,2.551,2.553,2.554,2.55,3389100.0,8649747.0,2022,11,22,10,55,2022-11-22 10:55,3389100.0
2022-11-22 11:00:00,2.553,2.558,2.559,2.553,10037500.0,25671344.0,2022,11,22,11,0,2022-11-22 11:00,10037500.0
2022-11-22 11:05:00,2.559,2.556,2.561,2.556,8993200.0,23010272.0,2022,11,22,11,5,2022-11-22 11:05,8993200.0
2022-11-22 11:10:00,2.556,2.559,2.562,2.556,7831500.0,20048284.0,2022,11,22,11,10,2022-11-22 11:10,7831500.0
2022-11-22 11:15:00,2.559,2.558,2.561,2.557,4776900.0,12224570.0,2022,11,22,11,15,2022-11-22 11:15,4776900.0
2022-11-22 11:20:00,2.559,2.562,2.562,2.555,6159500.0,15758343.0,2022,11,22,11,20,2022-11-22 11:20,6159500.0
2022-11-22 11:25:00,2.563,2.573,2.573,2.563,34567300.0,88762768.0,2022,11,22,11,25,2022-11-22 11:25,34567300.0
2022-11-22 11:30:00,2.572,2.588,2.592,2.569,82057504.0,211813920.0,2022,11,22,11,30,2022-11-22 11:30,82057504.0
2022-11-22 13:05:00,2.589,2.579,2.599,2.578,79533696.0,205943760.0,2022,11,22,13,5,2022-11-22 13:05,79533696.0
2022-11-22 13:10:00,2.58,2.576,2.581,2.575,32562500.0,83937744.0,2022,11,22,13,10,2022-11-22 13:10,32562500.0
2022-11-22 13:15:00,2.576,2.58,2.584,2.575,27130800.0,70011368.0,2022,11,22,13,15,2022-11-22 13:15,27130800.0
2022-11-22 13:20:00,2.58,2.583,2.589,2.578,31847500.0,82306336.0,2022,11,22,13,20,2022-11-22 13:20,31847500.0
2022-11-22 13:25:00,2.583,2.579,2.583,2.579,15717200.0,40568600.0,2022,11,22,13,25,2022-11-22 13:25,15717200.0
2022-11-22 13:30:00,2.579,2.579,2.582,2.577,10097600.0,26043860.0,2022,11,22,13,30,2022-11-22 13:30,10097600.0
2022-11-22 13:35:00,2.58,2.585,2.585,2.578,20669700.0,53343740.0,2022,11,22,13,35,2022-11-22 13:35,20669700.0
2022-11-22 13:40:00,2.585,2.577,2.585,2.577,8790500.0,22676980.0,2022,11,22,13,40,2022-11-22 13:40,8790500.0
2022-11-22 13:45:00,2.576,2.573,2.577,2.57,20761800.0,53435236.0,2022,11,22,13,45,2022-11-22 13:45,20761800.0
2022-11-22 13:50:00,2.572,2.574,2.576,2.571,18664600.0,48028976.0,2022,11,22,13,50,2022-11-22 13:50,18664600.0
2022-11-22 13:55:00,2.575,2.568,2.575,2.566,54391300.0,139822960.0,2022,11,22,13,55,2022-11-22 13:55,54391300.0
2022-11-22 14:00:00,2.569,2.565,2.569,2.565,21528400.0,55258448.0,2022,11,22,14,0,2022-11-22 14:00,21528400.0
2022-11-22 14:05:00,2.565,2.567,2.57,2.565,20991800.0,53909824.0,2022,11,22,14,5,2022-11-22 14:05,20991800.0
2022-11-22 14:10:00,2.568,2.562,2.568,2.561,15887600.0,40728640.0,2022,11,22,14,10,2022-11-22 14:10,15887600.0
2022-11-22 14:15:00,2.563,2.563,2.564,2.559,21744400.0,55683656.0,2022,11,22,14,15,2022-11-22 14:15,21744400.0
2022-11-22 14:20:00,2.565,2.565,2.567,2.562,29953000.0,76837240.0,2022,11,22,14,20,2022-11-22 14:20,29953000.0
2022-11-22 14:25:00,2.565,2.567,2.568,2.563,23993000.0,61570072.0,2022,11,22,14,25,2022-11-22 14:25,23993000.0
2022-11-22 14:30:00,2.567,2.563,2.568,2.563,23919900.0,61372296.0,2022,11,22,14,30,2022-11-22 14:30,23919900.0
2022-11-22 14:35:00,2.564,2.562,2.564,2.561,27133000.0,69528808.0,2022,11,22,14,35,2022-11-22 14:35,27133000.0
2022-11-22 14:40:00,2.562,2.562,2.563,2.558,22645100.0,57999092.0,2022,11,22,14,40,2022-11-22 14:40,22645100.0
2022-11-22 14:45:00,2.562,2.561,2.564,2.561,27371200.0,70138416.0,2022,11,22,14,45,2022-11-22 14:45,27371200.0
2022-11-22 14:50:00,2.562,2.566,2.566,2.562,24193800.0,62030520.0,2022,11,22,14,50,2022-11-22 14:50,24193800.0
2022-11-22 14:55:00,2.566,2.568,2.568,2.565,5075100.0,13027518.0,2022,11,22,14,55,2022-11-22 14:55,5075100.0
2022-11-22 15:00:00,2.568,2.57,2.571,2.567,15898400.0,40834080.0,2022,11,22,15,0,2022-11-22 15:00,15898400.0
2022-11-23 09:35:00,2.566,2.577,2.578,2.56,32010200.0,82245200.0,2022,11,23,9,35,2022-11-23 09:35,32010200.0
2022-11-23 09:40:00,2.578,2.576,2.583,2.572,35207100.0,90758944.0,2022,11,23,9,40,2022-11-23 09:40,35207100.0
2022-11-23 09:45:00,2.576,2.576,2.578,2.573,25816100.0,66484584.0,2022,11,23,9,45,2022-11-23 09:45,25816100.0
2022-11-23 09:50:00,2.577,2.571,2.581,2.571,26304000.0,67761712.0,2022,11,23,9,50,2022-11-23 09:50,26304000.0
2022-11-23 09:55:00,2.571,2.58,2.58,2.57,24529300.0,63151292.0,2022,11,23,9,55,2022-11-23 09:55,24529300.0
2022-11-23 10:00:00,2.579,2.581,2.586,2.579,42038300.0,108566784.0,2022,11,23,10,0,2022-11-23 10:00,42038300.0
2022-11-23 10:05:00,2.58,2.579,2.583,2.578,14190200.0,36616336.0,2022,11,23,10,5,2022-11-23 10:05,14190200.0
2022-11-23 10:10:00,2.579,2.589,2.589,2.576,23338200.0,60274968.0,2022,11,23,10,10,2022-11-23 10:10,23338200.0
2022-11-23 10:15:00,2.588,2.594,2.595,2.585,35613900.0,92228432.0,2022,11,23,10,15,2022-11-23 10:15,35613900.0
2022-11-23 10:20:00,2.595,2.59,2.595,2.589,22982400.0,59564140.0,2022,11,23,10,20,2022-11-23 10:20,22982400.0
2022-11-23 10:25:00,2.59,2.585,2.59,2.584,24468600.0,63301808.0,2022,11,23,10,25,2022-11-23 10:25,24468600.0
2022-11-23 10:30:00,2.584,2.585,2.587,2.583,25325700.0,65460580.0,2022,11,23,10,30,2022-11-23 10:30,25325700.0
2022-11-23 10:35:00,2.585,2.578,2.588,2.578,19558500.0,50524196.0,2022,11,23,10,35,2022-11-23 10:35,19558500.0
2022-11-23 10:40:00,2.578,2.58,2.581,2.575,30669700.0,79072344.0,2022,11,23,10,40,2022-11-23 10:40,30669700.0
2022-11-23 10:45:00,2.581,2.579,2.582,2.578,19166900.0,49461352.0,2022,11,23,10,45,2022-11-23 10:45,19166900.0
2022-11-23 10:50:00,2.579,2.582,2.583,2.579,14461200.0,37331280.0,2022,11,23,10,50,2022-11-23 10:50,14461200.0
2022-11-23 10:55:00,2.581,2.581,2.586,2.581,11518200.0,29762824.0,2022,11,23,10,55,2022-11-23 10:55,11518200.0
2022-11-23 11:00:00,2.581,2.588,2.589,2.581,16389800.0,42390856.0,2022,11,23,11,0,2022-11-23 11:00,16389800.0
2022-11-23 11:05:00,2.588,2.578,2.588,2.578,12391700.0,32007374.0,2022,11,23,11,5,2022-11-23 11:05,12391700.0
2022-11-23 11:10:00,2.578,2.577,2.58,2.575,16143200.0,41617768.0,2022,11,23,11,10,2022-11-23 11:10,16143200.0
2022-11-23 11:15:00,2.577,2.576,2.581,2.575,8147500.0,21008094.0,2022,11,23,11,15,2022-11-23 11:15,8147500.0
2022-11-23 11:20:00,2.575,2.572,2.576,2.572,8227700.0,21174008.0,2022,11,23,11,20,2022-11-23 11:20,8227700.0
2022-11-23 11:25:00,2.572,2.575,2.576,2.572,9421900.0,24247480.0,2022,11,23,11,25,2022-11-23 11:25,9421900.0
2022-11-23 11:30:00,2.574,2.566,2.574,2.565,37268700.0,95745392.0,2022,11,23,11,30,2022-11-23 11:30,37268700.0
2022-11-23 13:05:00,2.567,2.57,2.576,2.566,32168000.0,82674992.0,2022,11,23,13,5,2022-11-23 13:05,32168000.0
2022-11-23 13:10:00,2.57,2.569,2.574,2.569,20600900.0,52989908.0,2022,11,23,13,10,2022-11-23 13:10,20600900.0
2022-11-23 13:15:00,2.57,2.573,2.573,2.568,7787900.0,20009314.0,2022,11,23,13,15,2022-11-23 13:15,7787900.0
2022-11-23 13:20:00,2.572,2.572,2.575,2.571,21029400.0,54113136.0,2022,11,23,13,20,2022-11-23 13:20,21029400.0
2022-11-23 13:25:00,2.573,2.578,2.578,2.573,26903700.0,69272112.0,2022,11,23,13,25,2022-11-23 13:25,26903700.0
2022-11-23 13:30:00,2.578,2.58,2.58,2.575,18549300.0,47829616.0,2022,11,23,13,30,2022-11-23 13:30,18549300.0
2022-11-23 13:35:00,2.579,2.575,2.58,2.575,12685600.0,32711444.0,2022,11,23,13,35,2022-11-23 13:35,12685600.0
2022-11-23 13:40:00,2.576,2.576,2.579,2.575,10888200.0,28064358.0,2022,11,23,13,40,2022-11-23 13:40,10888200.0
2022-11-23 13:45:00,2.576,2.591,2.591,2.576,37629000.0,97267632.0,2022,11,23,13,45,2022-11-23 13:45,37629000.0
2022-11-23 13:50:00,2.591,2.585,2.591,2.583,21198800.0,54837504.0,2022,11,23,13,50,2022-11-23 13:50,21198800.0
2022-11-23 13:55:00,2.584,2.583,2.584,2.581,10758400.0,27788126.0,2022,11,23,13,55,2022-11-23 13:55,10758400.0
2022-11-23 14:00:00,2.583,2.579,2.583,2.578,20406600.0,52666640.0,2022,11,23,14,0,2022-11-23 14:00,20406600.0
2022-11-23 14:05:00,2.579,2.577,2.581,2.576,10809500.0,27866892.0,2022,11,23,14,5,2022-11-23 14:05,10809500.0
2022-11-23 14:10:00,2.577,2.576,2.579,2.576,8625300.0,22228056.0,2022,11,23,14,10,2022-11-23 14:10,8625300.0
2022-11-23 14:15:00,2.576,2.576,2.577,2.573,12392000.0,31904820.0,2022,11,23,14,15,2022-11-23 14:15,12392000.0
2022-11-23 14:20:00,2.577,2.575,2.577,2.574,8930700.0,22998628.0,2022,11,23,14,20,2022-11-23 14:20,8930700.0
2022-11-23 14:25:00,2.575,2.578,2.578,2.575,9141700.0,23554876.0,2022,11,23,14,25,2022-11-23 14:25,9141700.0
2022-11-23 14:30:00,2.578,2.576,2.578,2.576,8521000.0,21954800.0,2022,11,23,14,30,2022-11-23 14:30,8521000.0
2022-11-23 14:35:00,2.576,2.576,2.576,2.573,10221400.0,26317528.0,2022,11,23,14,35,2022-11-23 14:35,10221400.0
2022-11-23 14:40:00,2.577,2.579,2.579,2.576,20029000.0,51615572.0,2022,11,23,14,40,2022-11-23 14:40,20029000.0
2022-11-23 14:45:00,2.579,2.576,2.579,2.576,16734100.0,43131512.0,2022,11,23,14,45,2022-11-23 14:45,16734100.0
2022-11-23 14:50:00,2.577,2.576,2.579,2.576,17528400.0,45171408.0,2022,11,23,14,50,2022-11-23 14:50,17528400.0
2022-11-23 14:55:00,2.576,2.576,2.577,2.574,16786300.0,43238028.0,2022,11,23,14,55,2022-11-23 14:55,16786300.0
2022-11-23 15:00:00,2.577,2.575,2.577,2.574,17543100.0,45177444.0,2022,11,23,15,0,2022-11-23 15:00,17543100.0
2022-11-24 09:35:00,2.588,2.597,2.603,2.588,80637904.0,209436304.0,2022,11,24,9,35,2022-11-24 09:35,80637904.0
2022-11-24 09:40:00,2.596,2.585,2.597,2.585,51519700.0,133451728.0,2022,11,24,9,40,2022-11-24 09:40,51519700.0
2022-11-24 09:45:00,2.585,2.587,2.589,2.584,37942100.0,98122024.0,2022,11,24,9,45,2022-11-24 09:45,37942100.0
2022-11-24 09:50:00,2.587,2.582,2.59,2.581,28566000.0,73854544.0,2022,11,24,9,50,2022-11-24 09:50,28566000.0
2022-11-24 09:55:00,2.581,2.585,2.586,2.58,23882700.0,61682808.0,2022,11,24,9,55,2022-11-24 09:55,23882700.0
2022-11-24 10:00:00,2.586,2.583,2.586,2.582,12734200.0,32905212.0,2022,11,24,10,0,2022-11-24 10:00,12734200.0
2022-11-24 10:05:00,2.583,2.577,2.583,2.577,16266000.0,41960736.0,2022,11,24,10,5,2022-11-24 10:05,16266000.0
2022-11-24 10:10:00,2.578,2.581,2.583,2.576,16901100.0,43583736.0,2022,11,24,10,10,2022-11-24 10:10,16901100.0
2022-11-24 10:15:00,2.581,2.582,2.584,2.58,11949300.0,30849290.0,2022,11,24,10,15,2022-11-24 10:15,11949300.0
2022-11-24 10:20:00,2.581,2.585,2.585,2.575,17044900.0,43977732.0,2022,11,24,10,20,2022-11-24 10:20,17044900.0
2022-11-24 10:25:00,2.585,2.581,2.585,2.58,6024400.0,15556137.0,2022,11,24,10,25,2022-11-24 10:25,6024400.0
2022-11-24 10:30:00,2.581,2.576,2.581,2.576,9937800.0,25622196.0,2022,11,24,10,30,2022-11-24 10:30,9937800.0
2022-11-24 10:35:00,2.575,2.572,2.575,2.568,21911900.0,56334144.0,2022,11,24,10,35,2022-11-24 10:35,21911900.0
2022-11-24 10:40:00,2.571,2.565,2.571,2.565,20634500.0,52973232.0,2022,11,24,10,40,2022-11-24 10:40,20634500.0
2022-11-24 10:45:00,2.566,2.568,2.571,2.566,10385900.0,26682628.0,2022,11,24,10,45,2022-11-24 10:45,10385900.0
2022-11-24 10:50:00,2.568,2.57,2.571,2.567,13430200.0,34501044.0,2022,11,24,10,50,2022-11-24 10:50,13430200.0
2022-11-24 10:55:00,2.57,2.573,2.573,2.565,17062500.0,43820084.0,2022,11,24,10,55,2022-11-24 10:55,17062500.0
2022-11-24 11:00:00,2.573,2.567,2.574,2.567,12816000.0,32945356.0,2022,11,24,11,0,2022-11-24 11:00,12816000.0
2022-11-24 11:05:00,2.567,2.565,2.569,2.563,10721300.0,27506462.0,2022,11,24,11,5,2022-11-24 11:05,10721300.0
2022-11-24 11:10:00,2.565,2.564,2.567,2.563,9073200.0,23271678.0,2022,11,24,11,10,2022-11-24 11:10,9073200.0
2022-11-24 11:15:00,2.564,2.56,2.564,2.558,15809300.0,40483016.0,2022,11,24,11,15,2022-11-24 11:15,15809300.0
2022-11-24 11:20:00,2.559,2.56,2.561,2.556,11438700.0,29266744.0,2022,11,24,11,20,2022-11-24 11:20,11438700.0
2022-11-24 11:25:00,2.56,2.561,2.564,2.56,7179800.0,18390768.0,2022,11,24,11,25,2022-11-24 11:25,7179800.0
2022-11-24 11:30:00,2.561,2.565,2.565,2.559,5371200.0,13755756.0,2022,11,24,11,30,2022-11-24 11:30,5371200.0
2022-11-24 13:05:00,2.565,2.568,2.57,2.564,13891400.0,35645968.0,2022,11,24,13,5,2022-11-24 13:05,13891400.0
2022-11-24 13:10:00,2.567,2.562,2.568,2.562,8033200.0,20607270.0,2022,11,24,13,10,2022-11-24 13:10,8033200.0
2022-11-24 13:15:00,2.562,2.562,2.564,2.561,9273000.0,23759192.0,2022,11,24,13,15,2022-11-24 13:15,9273000.0
2022-11-24 13:20:00,2.562,2.563,2.564,2.56,7867300.0,20157956.0,2022,11,24,13,20,2022-11-24 13:20,7867300.0
2022-11-24 13:25:00,2.563,2.565,2.565,2.562,7319400.0,18760382.0,2022,11,24,13,25,2022-11-24 13:25,7319400.0
2022-11-24 13:30:00,2.565,2.562,2.567,2.562,6926900.0,17765384.0,2022,11,24,13,30,2022-11-24 13:30,6926900.0
2022-11-24 13:35:00,2.562,2.565,2.567,2.56,7254100.0,18589280.0,2022,11,24,13,35,2022-11-24 13:35,7254100.0
2022-11-24 13:40:00,2.566,2.567,2.571,2.565,9163600.0,23532850.0,2022,11,24,13,40,2022-11-24 13:40,9163600.0
2022-11-24 13:45:00,2.566,2.566,2.569,2.566,7656400.0,19660812.0,2022,11,24,13,45,2022-11-24 13:45,7656400.0
2022-11-24 13:50:00,2.566,2.567,2.568,2.565,4813900.0,12351848.0,2022,11,24,13,50,2022-11-24 13:50,4813900.0
2022-11-24 13:55:00,2.568,2.568,2.57,2.566,8695600.0,22329816.0,2022,11,24,13,55,2022-11-24 13:55,8695600.0
2022-11-24 14:00:00,2.569,2.566,2.569,2.565,8183500.0,21006204.0,2022,11,24,14,0,2022-11-24 14:00,8183500.0
2022-11-24 14:05:00,2.566,2.564,2.566,2.562,6505700.0,16680128.0,2022,11,24,14,5,2022-11-24 14:05,6505700.0
2022-11-24 14:10:00,2.563,2.561,2.564,2.561,8519100.0,21829224.0,2022,11,24,14,10,2022-11-24 14:10,8519100.0
2022-11-24 14:15:00,2.561,2.564,2.565,2.561,8060900.0,20662326.0,2022,11,24,14,15,2022-11-24 14:15,8060900.0
2022-11-24 14:20:00,2.564,2.565,2.565,2.561,7913500.0,20278008.0,2022,11,24,14,20,2022-11-24 14:20,7913500.0
2022-11-24 14:25:00,2.565,2.563,2.565,2.562,7901100.0,20250892.0,2022,11,24,14,25,2022-11-24 14:25,7901100.0
2022-11-24 14:30:00,2.563,2.559,2.563,2.558,12921700.0,33084676.0,2022,11,24,14,30,2022-11-24 14:30,12921700.0
2022-11-24 14:35:00,2.559,2.558,2.559,2.553,18242600.0,46642876.0,2022,11,24,14,35,2022-11-24 14:35,18242600.0
2022-11-24 14:40:00,2.559,2.557,2.561,2.557,10472500.0,26798312.0,2022,11,24,14,40,2022-11-24 14:40,10472500.0
2022-11-24 14:45:00,2.558,2.556,2.559,2.555,10102700.0,25830740.0,2022,11,24,14,45,2022-11-24 14:45,10102700.0
2022-11-24 14:50:00,2.556,2.557,2.558,2.555,4770000.0,12196082.0,2022,11,24,14,50,2022-11-24 14:50,4770000.0
2022-11-24 14:55:00,2.558,2.561,2.562,2.558,11601300.0,29705386.0,2022,11,24,14,55,2022-11-24 14:55,11601300.0
2022-11-24 15:00:00,2.562,2.558,2.563,2.557,36640000.0,93766416.0,2022,11,24,15,0,2022-11-24 15:00,36640000.0
2022-11-25 09:35:00,2.555,2.557,2.562,2.552,41745000.0,106754656.0,2022,11,25,9,35,2022-11-25 09:35,41745000.0
2022-11-25 09:40:00,2.556,2.561,2.564,2.554,18494000.0,47330844.0,2022,11,25,9,40,2022-11-25 09:40,18494000.0
2022-11-25 09:45:00,2.56,2.559,2.564,2.558,12326900.0,31576336.0,2022,11,25,9,45,2022-11-25 09:45,12326900.0
2022-11-25 09:50:00,2.559,2.563,2.568,2.559,14418000.0,36959744.0,2022,11,25,9,50,2022-11-25 09:50,14418000.0
2022-11-25 09:55:00,2.564,2.561,2.567,2.56,10222100.0,26195544.0,2022,11,25,9,55,2022-11-25 09:55,10222100.0
2022-11-25 10:00:00,2.56,2.565,2.567,2.56,10745100.0,27554176.0,2022,11,25,10,0,2022-11-25 10:00,10745100.0
2022-11-25 10:05:00,2.566,2.573,2.575,2.565,19498600.0,50133968.0,2022,11,25,10,5,2022-11-25 10:05,19498600.0
2022-11-25 10:10:00,2.572,2.572,2.577,2.571,15552800.0,40024884.0,2022,11,25,10,10,2022-11-25 10:10,15552800.0
2022-11-25 10:15:00,2.573,2.569,2.574,2.568,6431100.0,16533457.0,2022,11,25,10,15,2022-11-25 10:15,6431100.0
2022-11-25 10:20:00,2.57,2.571,2.573,2.569,7344300.0,18884520.0,2022,11,25,10,20,2022-11-25 10:20,7344300.0
2022-11-25 10:25:00,2.572,2.578,2.578,2.57,9980300.0,25685564.0,2022,11,25,10,25,2022-11-25 10:25,9980300.0
2022-11-25 10:30:00,2.576,2.574,2.578,2.572,13073800.0,33665680.0,2022,11,25,10,30,2022-11-25 10:30,13073800.0
2022-11-25 10:35:00,2.574,2.579,2.581,2.574,17444000.0,44980104.0,2022,11,25,10,35,2022-11-25 10:35,17444000.0
2022-11-25 10:40:00,2.58,2.583,2.585,2.577,24282100.0,62683700.0,2022,11,25,10,40,2022-11-25 10:40,24282100.0
2022-11-25 10:45:00,2.584,2.582,2.587,2.582,18105200.0,46802008.0,2022,11,25,10,45,2022-11-25 10:45,18105200.0
2022-11-25 10:50:00,2.582,2.58,2.586,2.58,19668000.0,50781308.0,2022,11,25,10,50,2022-11-25 10:50,19668000.0
2022-11-25 10:55:00,2.58,2.577,2.582,2.577,18857600.0,48658656.0,2022,11,25,10,55,2022-11-25 10:55,18857600.0
2022-11-25 11:00:00,2.577,2.581,2.582,2.577,17260900.0,44544048.0,2022,11,25,11,0,2022-11-25 11:00,17260900.0
2022-11-25 11:05:00,2.581,2.58,2.585,2.58,14213200.0,36706044.0,2022,11,25,11,5,2022-11-25 11:05,14213200.0
2022-11-25 11:10:00,2.58,2.575,2.581,2.575,4349100.0,11214393.0,2022,11,25,11,10,2022-11-25 11:10,4349100.0
2022-11-25 11:15:00,2.575,2.574,2.577,2.571,14870600.0,38262120.0,2022,11,25,11,15,2022-11-25 11:15,14870600.0
2022-11-25 11:20:00,2.573,2.576,2.577,2.572,6553600.0,16866056.0,2022,11,25,11,20,2022-11-25 11:20,6553600.0
2022-11-25 11:25:00,2.576,2.576,2.577,2.575,6981500.0,17986224.0,2022,11,25,11,25,2022-11-25 11:25,6981500.0
2022-11-25 11:30:00,2.576,2.579,2.581,2.576,5343200.0,13779992.0,2022,11,25,11,30,2022-11-25 11:30,5343200.0
2022-11-25 13:05:00,2.579,2.582,2.582,2.576,9780700.0,25218586.0,2022,11,25,13,5,2022-11-25 13:05,9780700.0
2022-11-25 13:10:00,2.582,2.587,2.589,2.582,23820700.0,61609832.0,2022,11,25,13,10,2022-11-25 13:10,23820700.0
2022-11-25 13:15:00,2.587,2.585,2.589,2.584,12000900.0,31043016.0,2022,11,25,13,15,2022-11-25 13:15,12000900.0
2022-11-25 13:20:00,2.585,2.584,2.586,2.582,7257700.0,18755100.0,2022,11,25,13,20,2022-11-25 13:20,7257700.0
2022-11-25 13:25:00,2.585,2.582,2.585,2.582,3855300.0,9959781.0,2022,11,25,13,25,2022-11-25 13:25,3855300.0
2022-11-25 13:30:00,2.583,2.587,2.587,2.582,6894200.0,17822400.0,2022,11,25,13,30,2022-11-25 13:30,6894200.0
2022-11-25 13:35:00,2.587,2.595,2.595,2.587,28883400.0,74831200.0,2022,11,25,13,35,2022-11-25 13:35,28883400.0
2022-11-25 13:40:00,2.594,2.591,2.595,2.59,29500400.0,76471944.0,2022,11,25,13,40,2022-11-25 13:40,29500400.0
2022-11-25 13:45:00,2.591,2.586,2.592,2.586,14368900.0,37206780.0,2022,11,25,13,45,2022-11-25 13:45,14368900.0
2022-11-25 13:50:00,2.586,2.585,2.589,2.584,9034400.0,23365740.0,2022,11,25,13,50,2022-11-25 13:50,9034400.0
2022-11-25 13:55:00,2.585,2.584,2.587,2.583,5128500.0,13257428.0,2022,11,25,13,55,2022-11-25 13:55,5128500.0
2022-11-25 14:00:00,2.584,2.585,2.586,2.584,8770200.0,22670486.0,2022,11,25,14,0,2022-11-25 14:00,8770200.0
2022-11-25 14:05:00,2.585,2.583,2.589,2.583,10159400.0,26273378.0,2022,11,25,14,5,2022-11-25 14:05,10159400.0
2022-11-25 14:10:00,2.584,2.582,2.585,2.58,8199500.0,21168214.0,2022,11,25,14,10,2022-11-25 14:10,8199500.0
2022-11-25 14:15:00,2.583,2.582,2.585,2.582,5334200.0,13780876.0,2022,11,25,14,15,2022-11-25 14:15,5334200.0
2022-11-25 14:20:00,2.582,2.584,2.585,2.582,2570800.0,6641607.0,2022,11,25,14,20,2022-11-25 14:20,2570800.0
2022-11-25 14:25:00,2.584,2.586,2.588,2.584,10811100.0,27961132.0,2022,11,25,14,25,2022-11-25 14:25,10811100.0
2022-11-25 14:30:00,2.586,2.587,2.589,2.585,8764000.0,22674592.0,2022,11,25,14,30,2022-11-25 14:30,8764000.0
2022-11-25 14:35:00,2.587,2.586,2.589,2.585,9032300.0,23371032.0,2022,11,25,14,35,2022-11-25 14:35,9032300.0
2022-11-25 14:40:00,2.586,2.586,2.587,2.585,4315000.0,11158026.0,2022,11,25,14,40,2022-11-25 14:40,4315000.0
2022-11-25 14:45:00,2.587,2.588,2.589,2.585,9879400.0,25557966.0,2022,11,25,14,45,2022-11-25 14:45,9879400.0
2022-11-25 14:50:00,2.588,2.587,2.589,2.587,17567000.0,45456008.0,2022,11,25,14,50,2022-11-25 14:50,17567000.0
2022-11-25 14:55:00,2.587,2.586,2.587,2.585,14630900.0,37836272.0,2022,11,25,14,55,2022-11-25 14:55,14630900.0
2022-11-25 15:00:00,2.585,2.585,2.586,2.585,22969200.0,59386008.0,2022,11,25,15,0,2022-11-25 15:00,22969200.0
2022-11-28 09:35:00,2.537,2.521,2.537,2.518,181775392.0,459042016.0,2022,11,28,9,35,2022-11-28 09:35,181775392.0
2022-11-28 09:40:00,2.521,2.511,2.521,2.509,73149104.0,183860768.0,2022,11,28,9,40,2022-11-28 09:40,73149104.0
2022-11-28 09:45:00,2.51,2.505,2.51,2.501,72045200.0,180465088.0,2022,11,28,9,45,2022-11-28 09:45,72045200.0
2022-11-28 09:50:00,2.504,2.501,2.508,2.498,61292200.0,153367200.0,2022,11,28,9,50,2022-11-28 09:50,61292200.0
2022-11-28 09:55:00,2.502,2.51,2.511,2.5,35643500.0,89312120.0,2022,11,28,9,55,2022-11-28 09:55,35643500.0
2022-11-28 10:00:00,2.51,2.51,2.511,2.505,21547600.0,54034720.0,2022,11,28,10,0,2022-11-28 10:00,21547600.0
2022-11-28 10:05:00,2.511,2.507,2.514,2.506,19190300.0,48169180.0,2022,11,28,10,5,2022-11-28 10:05,19190300.0
2022-11-28 10:10:00,2.508,2.504,2.509,2.503,28380200.0,71122848.0,2022,11,28,10,10,2022-11-28 10:10,28380200.0
2022-11-28 10:15:00,2.504,2.505,2.509,2.502,31202700.0,78176552.0,2022,11,28,10,15,2022-11-28 10:15,31202700.0
2022-11-28 10:20:00,2.505,2.506,2.507,2.502,31879900.0,79842088.0,2022,11,28,10,20,2022-11-28 10:20,31879900.0
2022-11-28 10:25:00,2.506,2.511,2.511,2.505,10093600.0,25307272.0,2022,11,28,10,25,2022-11-28 10:25,10093600.0
2022-11-28 10:30:00,2.511,2.508,2.512,2.507,15381200.0,38606916.0,2022,11,28,10,30,2022-11-28 10:30,15381200.0
2022-11-28 10:35:00,2.508,2.521,2.521,2.508,14183800.0,35674572.0,2022,11,28,10,35,2022-11-28 10:35,14183800.0
2022-11-28 10:40:00,2.52,2.522,2.523,2.519,13688100.0,34504536.0,2022,11,28,10,40,2022-11-28 10:40,13688100.0
2022-11-28 10:45:00,2.522,2.523,2.524,2.519,10118900.0,25509496.0,2022,11,28,10,45,2022-11-28 10:45,10118900.0
2022-11-28 10:50:00,2.523,2.522,2.526,2.52,9360100.0,23616872.0,2022,11,28,10,50,2022-11-28 10:50,9360100.0
2022-11-28 10:55:00,2.523,2.523,2.525,2.521,5860800.0,14785878.0,2022,11,28,10,55,2022-11-28 10:55,5860800.0
2022-11-28 11:00:00,2.523,2.528,2.531,2.522,12118200.0,30641074.0,2022,11,28,11,0,2022-11-28 11:00,12118200.0
2022-11-28 11:05:00,2.528,2.53,2.53,2.525,13826500.0,34953472.0,2022,11,28,11,5,2022-11-28 11:05,13826500.0
2022-11-28 11:10:00,2.53,2.528,2.532,2.528,16131900.0,40808652.0,2022,11,28,11,10,2022-11-28 11:10,16131900.0
2022-11-28 11:15:00,2.528,2.526,2.528,2.524,7300000.0,18440504.0,2022,11,28,11,15,2022-11-28 11:15,7300000.0
2022-11-28 11:20:00,2.526,2.527,2.527,2.522,8773800.0,22146756.0,2022,11,28,11,20,2022-11-28 11:20,8773800.0
2022-11-28 11:25:00,2.528,2.527,2.53,2.526,9986500.0,25248688.0,2022,11,28,11,25,2022-11-28 11:25,9986500.0
2022-11-28 11:30:00,2.527,2.526,2.527,2.523,6528100.0,16484077.0,2022,11,28,11,30,2022-11-28 11:30,6528100.0
2022-11-28 13:05:00,2.526,2.523,2.526,2.521,14204700.0,35837064.0,2022,11,28,13,5,2022-11-28 13:05,14204700.0
2022-11-28 13:10:00,2.523,2.524,2.526,2.522,8415400.0,21239064.0,2022,11,28,13,10,2022-11-28 13:10,8415400.0
2022-11-28 13:15:00,2.525,2.525,2.528,2.523,11373000.0,28718854.0,2022,11,28,13,15,2022-11-28 13:15,11373000.0
2022-11-28 13:20:00,2.524,2.525,2.527,2.523,3889100.0,9817900.0,2022,11,28,13,20,2022-11-28 13:20,3889100.0
2022-11-28 13:25:00,2.525,2.524,2.529,2.524,5379900.0,13594748.0,2022,11,28,13,25,2022-11-28 13:25,5379900.0
2022-11-28 13:30:00,2.523,2.52,2.525,2.519,10504200.0,26483228.0,2022,11,28,13,30,2022-11-28 13:30,10504200.0
2022-11-28 13:35:00,2.52,2.516,2.52,2.515,27758800.0,69869568.0,2022,11,28,13,35,2022-11-28 13:35,27758800.0
2022-11-28 13:40:00,2.515,2.513,2.517,2.513,22132300.0,55662644.0,2022,11,28,13,40,2022-11-28 13:40,22132300.0
2022-11-28 13:45:00,2.514,2.515,2.517,2.514,12150200.0,30555166.0,2022,11,28,13,45,2022-11-28 13:45,12150200.0
2022-11-28 13:50:00,2.516,2.517,2.518,2.513,10759800.0,27060796.0,2022,11,28,13,50,2022-11-28 13:50,10759800.0
2022-11-28 13:55:00,2.517,2.515,2.518,2.514,6019100.0,15140535.0,2022,11,28,13,55,2022-11-28 13:55,6019100.0
2022-11-28 14:00:00,2.515,2.517,2.517,2.514,11384100.0,28628564.0,2022,11,28,14,0,2022-11-28 14:00,11384100.0
2022-11-28 14:05:00,2.517,2.522,2.522,2.517,5868000.0,14789000.0,2022,11,28,14,5,2022-11-28 14:05,5868000.0
2022-11-28 14:10:00,2.521,2.522,2.522,2.519,2877500.0,7251491.0,2022,11,28,14,10,2022-11-28 14:10,2877500.0
2022-11-28 14:15:00,2.523,2.521,2.523,2.52,2120100.0,5346235.0,2022,11,28,14,15,2022-11-28 14:15,2120100.0
2022-11-28 14:20:00,2.522,2.526,2.527,2.522,5611900.0,14169644.0,2022,11,28,14,20,2022-11-28 14:20,5611900.0
2022-11-28 14:25:00,2.527,2.532,2.532,2.526,8827500.0,22325912.0,2022,11,28,14,25,2022-11-28 14:25,8827500.0
2022-11-28 14:30:00,2.531,2.533,2.535,2.53,14028300.0,35527840.0,2022,11,28,14,30,2022-11-28 14:30,14028300.0
2022-11-28 14:35:00,2.533,2.542,2.545,2.533,40521100.0,103011160.0,2022,11,28,14,35,2022-11-28 14:35,40521100.0
2022-11-28 14:40:00,2.543,2.544,2.548,2.542,25731200.0,65486720.0,2022,11,28,14,40,2022-11-28 14:40,25731200.0
2022-11-28 14:45:00,2.543,2.543,2.548,2.542,22527000.0,57342180.0,2022,11,28,14,45,2022-11-28 14:45,22527000.0
2022-11-28 14:50:00,2.544,2.544,2.547,2.542,12927400.0,32893416.0,2022,11,28,14,50,2022-11-28 14:50,12927400.0
2022-11-28 14:55:00,2.545,2.544,2.545,2.543,14615600.0,37175712.0,2022,11,28,14,55,2022-11-28 14:55,14615600.0
2022-11-28 15:00:00,2.544,2.54,2.544,2.54,19762300.0,50228568.0,2022,11,28,15,0,2022-11-28 15:00,19762300.0
2022-11-29 09:35:00,2.566,2.587,2.589,2.566,174493504.0,450306592.0,2022,11,29,9,35,2022-11-29 09:35,174493504.0
2022-11-29 09:40:00,2.587,2.581,2.59,2.58,80121504.0,207203632.0,2022,11,29,9,40,2022-11-29 09:40,80121504.0
2022-11-29 09:45:00,2.58,2.58,2.586,2.58,58440300.0,150959104.0,2022,11,29,9,45,2022-11-29 09:45,58440300.0
2022-11-29 09:50:00,2.582,2.583,2.588,2.581,74899200.0,193633248.0,2022,11,29,9,50,2022-11-29 09:50,74899200.0
2022-11-29 09:55:00,2.583,2.583,2.586,2.579,26627800.0,68765296.0,2022,11,29,9,55,2022-11-29 09:55,26627800.0
2022-11-29 10:00:00,2.583,2.59,2.591,2.582,38088300.0,98544584.0,2022,11,29,10,0,2022-11-29 10:00,38088300.0
2022-11-29 10:05:00,2.591,2.595,2.596,2.587,64138800.0,166158400.0,2022,11,29,10,5,2022-11-29 10:05,64138800.0
2022-11-29 10:10:00,2.595,2.606,2.607,2.595,66971600.0,174219040.0,2022,11,29,10,10,2022-11-29 10:10,66971600.0
2022-11-29 10:15:00,2.608,2.612,2.615,2.605,37433400.0,97678112.0,2022,11,29,10,15,2022-11-29 10:15,37433400.0
2022-11-29 10:20:00,2.611,2.617,2.617,2.606,22402300.0,58517596.0,2022,11,29,10,20,2022-11-29 10:20,22402300.0
2022-11-29 10:25:00,2.615,2.608,2.616,2.608,17363500.0,45341928.0,2022,11,29,10,25,2022-11-29 10:25,17363500.0
2022-11-29 10:30:00,2.607,2.61,2.612,2.607,11245300.0,29352600.0,2022,11,29,10,30,2022-11-29 10:30,11245300.0
2022-11-29 10:35:00,2.61,2.616,2.618,2.61,20173900.0,52752984.0,2022,11,29,10,35,2022-11-29 10:35,20173900.0
2022-11-29 10:40:00,2.616,2.622,2.623,2.616,29404500.0,77035808.0,2022,11,29,10,40,2022-11-29 10:40,29404500.0
2022-11-29 10:45:00,2.622,2.626,2.627,2.62,35752200.0,93817928.0,2022,11,29,10,45,2022-11-29 10:45,35752200.0
2022-11-29 10:50:00,2.625,2.621,2.627,2.619,35396800.0,92872640.0,2022,11,29,10,50,2022-11-29 10:50,35396800.0
2022-11-29 10:55:00,2.621,2.619,2.624,2.618,25163100.0,65965920.0,2022,11,29,10,55,2022-11-29 10:55,25163100.0
2022-11-29 11:00:00,2.618,2.622,2.624,2.617,14153700.0,37085920.0,2022,11,29,11,0,2022-11-29 11:00,14153700.0
2022-11-29 11:05:00,2.622,2.624,2.625,2.62,17777500.0,46625716.0,2022,11,29,11,5,2022-11-29 11:05,17777500.0
2022-11-29 11:10:00,2.625,2.628,2.632,2.625,33987900.0,89363288.0,2022,11,29,11,10,2022-11-29 11:10,33987900.0
2022-11-29 11:15:00,2.628,2.63,2.631,2.627,18640100.0,49010424.0,2022,11,29,11,15,2022-11-29 11:15,18640100.0
2022-11-29 11:20:00,2.63,2.633,2.634,2.629,26068400.0,68619200.0,2022,11,29,11,20,2022-11-29 11:20,26068400.0
2022-11-29 11:25:00,2.633,2.639,2.641,2.632,32591400.0,85984840.0,2022,11,29,11,25,2022-11-29 11:25,32591400.0
2022-11-29 11:30:00,2.64,2.648,2.648,2.64,32560000.0,86093056.0,2022,11,29,11,30,2022-11-29 11:30,32560000.0
2022-11-29 13:05:00,2.649,2.649,2.65,2.644,38106700.0,100887616.0,2022,11,29,13,5,2022-11-29 13:05,38106700.0
2022-11-29 13:10:00,2.649,2.645,2.649,2.643,27828900.0,73598512.0,2022,11,29,13,10,2022-11-29 13:10,27828900.0
2022-11-29 13:15:00,2.645,2.64,2.645,2.64,18823900.0,49737704.0,2022,11,29,13,15,2022-11-29 13:15,18823900.0
2022-11-29 13:20:00,2.64,2.638,2.643,2.637,23102400.0,60998768.0,2022,11,29,13,20,2022-11-29 13:20,23102400.0
2022-11-29 13:25:00,2.637,2.638,2.639,2.635,22476100.0,59250044.0,2022,11,29,13,25,2022-11-29 13:25,22476100.0
2022-11-29 13:30:00,2.638,2.635,2.639,2.634,21063600.0,55530140.0,2022,11,29,13,30,2022-11-29 13:30,21063600.0
2022-11-29 13:35:00,2.635,2.635,2.638,2.634,11200100.0,29529766.0,2022,11,29,13,35,2022-11-29 13:35,11200100.0
2022-11-29 13:40:00,2.635,2.638,2.64,2.634,17002000.0,44852172.0,2022,11,29,13,40,2022-11-29 13:40,17002000.0
2022-11-29 13:45:00,2.638,2.639,2.641,2.637,10303400.0,27195026.0,2022,11,29,13,45,2022-11-29 13:45,10303400.0
2022-11-29 13:50:00,2.638,2.639,2.64,2.637,7812900.0,20615696.0,2022,11,29,13,50,2022-11-29 13:50,7812900.0
2022-11-29 13:55:00,2.639,2.636,2.639,2.636,9643300.0,25429028.0,2022,11,29,13,55,2022-11-29 13:55,9643300.0
2022-11-29 14:00:00,2.637,2.641,2.643,2.636,7916900.0,20900800.0,2022,11,29,14,0,2022-11-29 14:00,7916900.0
2022-11-29 14:05:00,2.64,2.641,2.642,2.638,7095700.0,18731768.0,2022,11,29,14,5,2022-11-29 14:05,7095700.0
2022-11-29 14:10:00,2.64,2.644,2.645,2.64,15892200.0,41999568.0,2022,11,29,14,10,2022-11-29 14:10,15892200.0
2022-11-29 14:15:00,2.644,2.639,2.644,2.639,14822600.0,39151284.0,2022,11,29,14,15,2022-11-29 14:15,14822600.0
2022-11-29 14:20:00,2.639,2.639,2.642,2.639,7410700.0,19562604.0,2022,11,29,14,20,2022-11-29 14:20,7410700.0
2022-11-29 14:25:00,2.64,2.64,2.641,2.639,8526000.0,22510088.0,2022,11,29,14,25,2022-11-29 14:25,8526000.0
2022-11-29 14:30:00,2.64,2.641,2.643,2.64,10492100.0,27714744.0,2022,11,29,14,30,2022-11-29 14:30,10492100.0
2022-11-29 14:35:00,2.641,2.644,2.645,2.641,12640000.0,33408074.0,2022,11,29,14,35,2022-11-29 14:35,12640000.0
2022-11-29 14:40:00,2.644,2.647,2.647,2.643,16129600.0,42664568.0,2022,11,29,14,40,2022-11-29 14:40,16129600.0
2022-11-29 14:45:00,2.647,2.644,2.648,2.644,26119600.0,69127224.0,2022,11,29,14,45,2022-11-29 14:45,26119600.0
2022-11-29 14:50:00,2.644,2.642,2.644,2.639,27950800.0,73826472.0,2022,11,29,14,50,2022-11-29 14:50,27950800.0
2022-11-29 14:55:00,2.642,2.644,2.644,2.64,19223100.0,50793352.0,2022,11,29,14,55,2022-11-29 14:55,19223100.0
2022-11-29 15:00:00,2.644,2.648,2.649,2.644,28845100.0,76320464.0,2022,11,29,15,0,2022-11-29 15:00,28845100.0
2022-11-30 09:35:00,2.638,2.642,2.643,2.634,44961300.0,118600008.0,2022,11,30,9,35,2022-11-30 09:35,44961300.0
2022-11-30 09:40:00,2.643,2.65,2.651,2.641,33362400.0,88259536.0,2022,11,30,9,40,2022-11-30 09:40,33362400.0
2022-11-30 09:45:00,2.652,2.652,2.656,2.65,41472500.0,110000184.0,2022,11,30,9,45,2022-11-30 09:45,41472500.0
2022-11-30 09:50:00,2.653,2.661,2.663,2.651,76088704.0,202075280.0,2022,11,30,9,50,2022-11-30 09:50,76088704.0
2022-11-30 09:55:00,2.661,2.651,2.661,2.651,41130300.0,109247816.0,2022,11,30,9,55,2022-11-30 09:55,41130300.0
2022-11-30 10:00:00,2.652,2.645,2.655,2.644,22558600.0,59768988.0,2022,11,30,10,0,2022-11-30 10:00,22558600.0
2022-11-30 10:05:00,2.645,2.644,2.647,2.642,13587100.0,35928496.0,2022,11,30,10,5,2022-11-30 10:05,13587100.0
2022-11-30 10:10:00,2.645,2.641,2.647,2.641,11518000.0,30453562.0,2022,11,30,10,10,2022-11-30 10:10,11518000.0
2022-11-30 10:15:00,2.641,2.643,2.643,2.64,10193800.0,26922578.0,2022,11,30,10,15,2022-11-30 10:15,10193800.0
2022-11-30 10:20:00,2.643,2.642,2.645,2.641,5777300.0,15269932.0,2022,11,30,10,20,2022-11-30 10:20,5777300.0
2022-11-30 10:25:00,2.644,2.65,2.651,2.643,15555200.0,41185744.0,2022,11,30,10,25,2022-11-30 10:25,15555200.0
2022-11-30 10:30:00,2.65,2.648,2.65,2.647,15418800.0,40841936.0,2022,11,30,10,30,2022-11-30 10:30,15418800.0
2022-11-30 10:35:00,2.648,2.648,2.65,2.645,11370900.0,30105908.0,2022,11,30,10,35,2022-11-30 10:35,11370900.0
2022-11-30 10:40:00,2.648,2.642,2.65,2.642,12705700.0,33627664.0,2022,11,30,10,40,2022-11-30 10:40,12705700.0
2022-11-30 10:45:00,2.642,2.646,2.647,2.641,7433200.0,19647148.0,2022,11,30,10,45,2022-11-30 10:45,7433200.0
2022-11-30 10:50:00,2.646,2.646,2.649,2.645,5843400.0,15463933.0,2022,11,30,10,50,2022-11-30 10:50,5843400.0
2022-11-30 10:55:00,2.647,2.646,2.649,2.645,6829300.0,18076878.0,2022,11,30,10,55,2022-11-30 10:55,6829300.0
2022-11-30 11:00:00,2.646,2.649,2.652,2.646,6310600.0,16715662.0,2022,11,30,11,0,2022-11-30 11:00,6310600.0
2022-11-30 11:05:00,2.649,2.647,2.652,2.647,7505700.0,19894596.0,2022,11,30,11,5,2022-11-30 11:05,7505700.0
2022-11-30 11:10:00,2.647,2.652,2.652,2.646,3566400.0,9446630.0,2022,11,30,11,10,2022-11-30 11:10,3566400.0
2022-11-30 11:15:00,2.652,2.65,2.652,2.649,4117000.0,10910121.0,2022,11,30,11,15,2022-11-30 11:15,4117000.0
2022-11-30 11:20:00,2.651,2.648,2.651,2.645,6289600.0,16648300.0,2022,11,30,11,20,2022-11-30 11:20,6289600.0
2022-11-30 11:25:00,2.647,2.651,2.652,2.647,3094800.0,8200891.0,2022,11,30,11,25,2022-11-30 11:25,3094800.0
2022-11-30 11:30:00,2.651,2.647,2.651,2.645,6150800.0,16288154.0,2022,11,30,11,30,2022-11-30 11:30,6150800.0
2022-11-30 13:05:00,2.645,2.642,2.646,2.642,17330900.0,45818936.0,2022,11,30,13,5,2022-11-30 13:05,17330900.0
2022-11-30 13:10:00,2.643,2.643,2.644,2.641,11581100.0,30598844.0,2022,11,30,13,10,2022-11-30 13:10,11581100.0
2022-11-30 13:15:00,2.643,2.643,2.645,2.642,5964300.0,15765124.0,2022,11,30,13,15,2022-11-30 13:15,5964300.0
2022-11-30 13:20:00,2.642,2.643,2.644,2.642,10722400.0,28342428.0,2022,11,30,13,20,2022-11-30 13:20,10722400.0
2022-11-30 13:25:00,2.644,2.645,2.646,2.643,7927300.0,20965956.0,2022,11,30,13,25,2022-11-30 13:25,7927300.0
2022-11-30 13:30:00,2.645,2.649,2.65,2.645,10508000.0,27828928.0,2022,11,30,13,30,2022-11-30 13:30,10508000.0
2022-11-30 13:35:00,2.648,2.648,2.652,2.648,8227100.0,21798216.0,2022,11,30,13,35,2022-11-30 13:35,8227100.0
2022-11-30 13:40:00,2.648,2.649,2.65,2.646,5863900.0,15530520.0,2022,11,30,13,40,2022-11-30 13:40,5863900.0
2022-11-30 13:45:00,2.649,2.645,2.65,2.645,5342500.0,14151609.0,2022,11,30,13,45,2022-11-30 13:45,5342500.0
2022-11-30 13:50:00,2.645,2.644,2.647,2.643,9086500.0,24037128.0,2022,11,30,13,50,2022-11-30 13:50,9086500.0
2022-11-30 13:55:00,2.644,2.639,2.646,2.639,27231100.0,71985256.0,2022,11,30,13,55,2022-11-30 13:55,27231100.0
2022-11-30 14:00:00,2.64,2.641,2.643,2.64,6111900.0,16143208.0,2022,11,30,14,0,2022-11-30 14:00,6111900.0
2022-11-30 14:05:00,2.641,2.641,2.644,2.641,11730200.0,30997196.0,2022,11,30,14,5,2022-11-30 14:05,11730200.0
2022-11-30 14:10:00,2.642,2.642,2.645,2.641,9678600.0,25578690.0,2022,11,30,14,10,2022-11-30 14:10,9678600.0
2022-11-30 14:15:00,2.643,2.639,2.643,2.638,8563100.0,22615272.0,2022,11,30,14,15,2022-11-30 14:15,8563100.0
2022-11-30 14:20:00,2.639,2.641,2.642,2.638,13131100.0,34671464.0,2022,11,30,14,20,2022-11-30 14:20,13131100.0
2022-11-30 14:25:00,2.64,2.64,2.643,2.64,10328400.0,27287604.0,2022,11,30,14,25,2022-11-30 14:25,10328400.0
2022-11-30 14:30:00,2.641,2.639,2.641,2.639,8463700.0,22347548.0,2022,11,30,14,30,2022-11-30 14:30,8463700.0
2022-11-30 14:35:00,2.64,2.64,2.641,2.637,20916000.0,55199860.0,2022,11,30,14,35,2022-11-30 14:35,20916000.0
2022-11-30 14:40:00,2.64,2.637,2.64,2.636,20572400.0,54255072.0,2022,11,30,14,40,2022-11-30 14:40,20572400.0
2022-11-30 14:45:00,2.637,2.638,2.639,2.636,12613300.0,33271040.0,2022,11,30,14,45,2022-11-30 14:45,12613300.0
2022-11-30 14:50:00,2.639,2.641,2.641,2.638,13350800.0,35242700.0,2022,11,30,14,50,2022-11-30 14:50,13350800.0
2022-11-30 14:55:00,2.641,2.642,2.643,2.64,13148900.0,34734604.0,2022,11,30,14,55,2022-11-30 14:55,13148900.0
2022-11-30 15:00:00,2.643,2.645,2.646,2.642,19364500.0,51189548.0,2022,11,30,15,0,2022-11-30 15:00,19364500.0
2022-12-01 09:35:00,2.66,2.67,2.685,2.66,103905400.0,277518176.0,2022,12,1,9,35,2022-12-01 09:35,103905400.0
2022-12-01 09:40:00,2.669,2.663,2.669,2.661,57696600.0,153674160.0,2022,12,1,9,40,2022-12-01 09:40,57696600.0
2022-12-01 09:45:00,2.664,2.666,2.672,2.66,29661100.0,79087816.0,2022,12,1,9,45,2022-12-01 09:45,29661100.0
2022-12-01 09:50:00,2.665,2.662,2.668,2.655,39968000.0,106338736.0,2022,12,1,9,50,2022-12-01 09:50,39968000.0
2022-12-01 09:55:00,2.663,2.656,2.664,2.651,35794300.0,95014672.0,2022,12,1,9,55,2022-12-01 09:55,35794300.0
2022-12-01 10:00:00,2.655,2.652,2.658,2.65,28382200.0,75294128.0,2022,12,1,10,0,2022-12-01 10:00,28382200.0
2022-12-01 10:05:00,2.652,2.656,2.656,2.649,23939900.0,63520256.0,2022,12,1,10,5,2022-12-01 10:05,23939900.0
2022-12-01 10:10:00,2.655,2.655,2.658,2.651,16615500.0,44108144.0,2022,12,1,10,10,2022-12-01 10:10,16615500.0
2022-12-01 10:15:00,2.656,2.65,2.656,2.65,10331500.0,27406872.0,2022,12,1,10,15,2022-12-01 10:15,10331500.0
2022-12-01 10:20:00,2.65,2.651,2.653,2.649,14038600.0,37215856.0,2022,12,1,10,20,2022-12-01 10:20,14038600.0
2022-12-01 10:25:00,2.651,2.655,2.655,2.649,9438400.0,25026212.0,2022,12,1,10,25,2022-12-01 10:25,9438400.0
2022-12-01 10:30:00,2.655,2.651,2.655,2.65,6119500.0,16231774.0,2022,12,1,10,30,2022-12-01 10:30,6119500.0
2022-12-01 10:35:00,2.652,2.65,2.654,2.65,8441700.0,22386116.0,2022,12,1,10,35,2022-12-01 10:35,8441700.0
2022-12-01 10:40:00,2.65,2.652,2.653,2.648,9457200.0,25066956.0,2022,12,1,10,40,2022-12-01 10:40,9457200.0
2022-12-01 10:45:00,2.653,2.655,2.657,2.653,7802300.0,20711472.0,2022,12,1,10,45,2022-12-01 10:45,7802300.0
2022-12-01 10:50:00,2.655,2.661,2.661,2.654,12524000.0,33296472.0,2022,12,1,10,50,2022-12-01 10:50,12524000.0
2022-12-01 10:55:00,2.661,2.653,2.661,2.652,6031300.0,16026557.0,2022,12,1,10,55,2022-12-01 10:55,6031300.0
2022-12-01 11:00:00,2.653,2.654,2.654,2.651,6436600.0,17071778.0,2022,12,1,11,0,2022-12-01 11:00,6436600.0
2022-12-01 11:05:00,2.653,2.655,2.656,2.652,6864700.0,18216152.0,2022,12,1,11,5,2022-12-01 11:05,6864700.0
2022-12-01 11:10:00,2.655,2.656,2.658,2.654,3084400.0,8192709.0,2022,12,1,11,10,2022-12-01 11:10,3084400.0
2022-12-01 11:15:00,2.656,2.65,2.656,2.649,6897400.0,18283836.0,2022,12,1,11,15,2022-12-01 11:15,6897400.0
2022-12-01 11:20:00,2.65,2.643,2.65,2.64,14411300.0,38101884.0,2022,12,1,11,20,2022-12-01 11:20,14411300.0
2022-12-01 11:25:00,2.643,2.636,2.645,2.635,19178700.0,50627044.0,2022,12,1,11,25,2022-12-01 11:25,19178700.0
2022-12-01 11:30:00,2.636,2.635,2.638,2.633,46021800.0,121293920.0,2022,12,1,11,30,2022-12-01 11:30,46021800.0
2022-12-01 13:05:00,2.633,2.636,2.64,2.632,32508900.0,85696760.0,2022,12,1,13,5,2022-12-01 13:05,32508900.0
2022-12-01 13:10:00,2.637,2.642,2.643,2.637,7787200.0,20561860.0,2022,12,1,13,10,2022-12-01 13:10,7787200.0
2022-12-01 13:15:00,2.642,2.64,2.642,2.637,5260400.0,13885404.0,2022,12,1,13,15,2022-12-01 13:15,5260400.0
2022-12-01 13:20:00,2.641,2.64,2.645,2.64,6363200.0,16813680.0,2022,12,1,13,20,2022-12-01 13:20,6363200.0
2022-12-01 13:25:00,2.64,2.643,2.644,2.64,5042400.0,13321697.0,2022,12,1,13,25,2022-12-01 13:25,5042400.0
2022-12-01 13:30:00,2.642,2.643,2.644,2.64,3440300.0,9088027.0,2022,12,1,13,30,2022-12-01 13:30,3440300.0
2022-12-01 13:35:00,2.642,2.645,2.645,2.642,7907800.0,20903672.0,2022,12,1,13,35,2022-12-01 13:35,7907800.0
2022-12-01 13:40:00,2.645,2.644,2.647,2.643,6786600.0,17950800.0,2022,12,1,13,40,2022-12-01 13:40,6786600.0
2022-12-01 13:45:00,2.644,2.646,2.648,2.64,20213000.0,53423888.0,2022,12,1,13,45,2022-12-01 13:45,20213000.0
2022-12-01 13:50:00,2.646,2.642,2.646,2.642,8858700.0,23419840.0,2022,12,1,13,50,2022-12-01 13:50,8858700.0
2022-12-01 13:55:00,2.643,2.639,2.643,2.639,14399400.0,38024448.0,2022,12,1,13,55,2022-12-01 13:55,14399400.0
2022-12-01 14:00:00,2.639,2.639,2.641,2.638,21365700.0,56387848.0,2022,12,1,14,0,2022-12-01 14:00,21365700.0
2022-12-01 14:05:00,2.639,2.638,2.639,2.636,12219500.0,32228108.0,2022,12,1,14,5,2022-12-01 14:05,12219500.0
2022-12-01 14:10:00,2.638,2.637,2.64,2.637,7976300.0,21046256.0,2022,12,1,14,10,2022-12-01 14:10,7976300.0
2022-12-01 14:15:00,2.638,2.639,2.64,2.637,8034400.0,21197632.0,2022,12,1,14,15,2022-12-01 14:15,8034400.0
2022-12-01 14:20:00,2.638,2.639,2.641,2.638,14901400.0,39326912.0,2022,12,1,14,20,2022-12-01 14:20,14901400.0
2022-12-01 14:25:00,2.638,2.641,2.642,2.638,6743700.0,17803568.0,2022,12,1,14,25,2022-12-01 14:25,6743700.0
2022-12-01 14:30:00,2.64,2.64,2.643,2.639,6650500.0,17567824.0,2022,12,1,14,30,2022-12-01 14:30,6650500.0
2022-12-01 14:35:00,2.641,2.638,2.643,2.636,8638100.0,22795076.0,2022,12,1,14,35,2022-12-01 14:35,8638100.0
2022-12-01 14:40:00,2.638,2.636,2.639,2.636,4305500.0,11352730.0,2022,12,1,14,40,2022-12-01 14:40,4305500.0
2022-12-01 14:45:00,2.636,2.632,2.638,2.631,9370500.0,24688184.0,2022,12,1,14,45,2022-12-01 14:45,9370500.0
2022-12-01 14:50:00,2.632,2.633,2.635,2.632,10122600.0,26657166.0,2022,12,1,14,50,2022-12-01 14:50,10122600.0
2022-12-01 14:55:00,2.634,2.633,2.634,2.632,6321900.0,16647381.0,2022,12,1,14,55,2022-12-01 14:55,6321900.0
2022-12-01 15:00:00,2.632,2.632,2.633,2.631,15305800.0,40286488.0,2022,12,1,15,0,2022-12-01 15:00,15305800.0
2022-12-02 09:35:00,2.63,2.631,2.633,2.628,41291800.0,108598472.0,2022,12,2,9,35,2022-12-02 09:35,41291800.0
2022-12-02 09:40:00,2.631,2.631,2.636,2.629,24608800.0,64763076.0,2022,12,2,9,40,2022-12-02 09:40,24608800.0
2022-12-02 09:45:00,2.631,2.627,2.633,2.625,17805000.0,46787972.0,2022,12,2,9,45,2022-12-02 09:45,17805000.0
2022-12-02 09:50:00,2.627,2.62,2.629,2.62,25062300.0,65794580.0,2022,12,2,9,50,2022-12-02 09:50,25062300.0
2022-12-02 09:55:00,2.622,2.626,2.627,2.621,23058700.0,60483352.0,2022,12,2,9,55,2022-12-02 09:55,23058700.0
2022-12-02 10:00:00,2.628,2.629,2.631,2.626,10800700.0,28394540.0,2022,12,2,10,0,2022-12-02 10:00,10800700.0
2022-12-02 10:05:00,2.629,2.633,2.635,2.629,12334100.0,32468340.0,2022,12,2,10,5,2022-12-02 10:05,12334100.0
2022-12-02 10:10:00,2.633,2.628,2.633,2.628,18240200.0,47986488.0,2022,12,2,10,10,2022-12-02 10:10,18240200.0
2022-12-02 10:15:00,2.629,2.626,2.629,2.625,19012300.0,49955192.0,2022,12,2,10,15,2022-12-02 10:15,19012300.0
2022-12-02 10:20:00,2.625,2.626,2.627,2.624,18194800.0,47773172.0,2022,12,2,10,20,2022-12-02 10:20,18194800.0
2022-12-02 10:25:00,2.625,2.623,2.626,2.621,29111700.0,76382688.0,2022,12,2,10,25,2022-12-02 10:25,29111700.0
2022-12-02 10:30:00,2.623,2.623,2.626,2.621,18616200.0,48852224.0,2022,12,2,10,30,2022-12-02 10:30,18616200.0
2022-12-02 10:35:00,2.624,2.625,2.627,2.623,35594200.0,93434400.0,2022,12,2,10,35,2022-12-02 10:35,35594200.0
2022-12-02 10:40:00,2.624,2.628,2.63,2.623,27935200.0,73347872.0,2022,12,2,10,40,2022-12-02 10:40,27935200.0
2022-12-02 10:45:00,2.629,2.626,2.629,2.626,30480800.0,80058208.0,2022,12,2,10,45,2022-12-02 10:45,30480800.0
2022-12-02 10:50:00,2.626,2.624,2.626,2.623,15574000.0,40863960.0,2022,12,2,10,50,2022-12-02 10:50,15574000.0
2022-12-02 10:55:00,2.624,2.625,2.627,2.623,21129600.0,55457880.0,2022,12,2,10,55,2022-12-02 10:55,21129600.0
2022-12-02 11:00:00,2.625,2.623,2.625,2.623,9402700.0,24675710.0,2022,12,2,11,0,2022-12-02 11:00,9402700.0
2022-12-02 11:05:00,2.623,2.628,2.629,2.622,41392500.0,108717952.0,2022,12,2,11,5,2022-12-02 11:05,41392500.0
2022-12-02 11:10:00,2.628,2.625,2.63,2.625,73582800.0,193366176.0,2022,12,2,11,10,2022-12-02 11:10,73582800.0
2022-12-02 11:15:00,2.626,2.622,2.626,2.621,29294400.0,76844160.0,2022,12,2,11,15,2022-12-02 11:15,29294400.0
2022-12-02 11:20:00,2.622,2.623,2.624,2.621,25920300.0,67967024.0,2022,12,2,11,20,2022-12-02 11:20,25920300.0
2022-12-02 11:25:00,2.623,2.623,2.623,2.62,16089900.0,42189576.0,2022,12,2,11,25,2022-12-02 11:25,16089900.0
2022-12-02 11:30:00,2.623,2.622,2.623,2.62,12876800.0,33756024.0,2022,12,2,11,30,2022-12-02 11:30,12876800.0
2022-12-02 13:05:00,2.621,2.621,2.624,2.62,24162100.0,63349388.0,2022,12,2,13,5,2022-12-02 13:05,24162100.0
2022-12-02 13:10:00,2.622,2.623,2.624,2.621,12337800.0,32354288.0,2022,12,2,13,10,2022-12-02 13:10,12337800.0
2022-12-02 13:15:00,2.624,2.622,2.624,2.621,8241300.0,21612528.0,2022,12,2,13,15,2022-12-02 13:15,8241300.0
2022-12-02 13:20:00,2.622,2.616,2.622,2.616,19800900.0,51849268.0,2022,12,2,13,20,2022-12-02 13:20,19800900.0
2022-12-02 13:25:00,2.617,2.616,2.618,2.614,27802300.0,72730752.0,2022,12,2,13,25,2022-12-02 13:25,27802300.0
2022-12-02 13:30:00,2.616,2.615,2.619,2.613,15440000.0,40396480.0,2022,12,2,13,30,2022-12-02 13:30,15440000.0
2022-12-02 13:35:00,2.614,2.617,2.619,2.614,11016300.0,28828908.0,2022,12,2,13,35,2022-12-02 13:35,11016300.0
2022-12-02 13:40:00,2.617,2.618,2.619,2.617,2762000.0,7229130.0,2022,12,2,13,40,2022-12-02 13:40,2762000.0
2022-12-02 13:45:00,2.618,2.616,2.618,2.615,5090900.0,13322198.0,2022,12,2,13,45,2022-12-02 13:45,5090900.0
2022-12-02 13:50:00,2.617,2.62,2.621,2.615,7445500.0,19494936.0,2022,12,2,13,50,2022-12-02 13:50,7445500.0
2022-12-02 13:55:00,2.62,2.622,2.623,2.62,6627900.0,17375962.0,2022,12,2,13,55,2022-12-02 13:55,6627900.0
2022-12-02 14:00:00,2.622,2.62,2.622,2.619,4267100.0,11182286.0,2022,12,2,14,0,2022-12-02 14:00,4267100.0
2022-12-02 14:05:00,2.619,2.622,2.622,2.618,3260500.0,8540181.0,2022,12,2,14,5,2022-12-02 14:05,3260500.0
2022-12-02 14:10:00,2.621,2.621,2.623,2.62,7881000.0,20664716.0,2022,12,2,14,10,2022-12-02 14:10,7881000.0
2022-12-02 14:15:00,2.621,2.621,2.623,2.62,5701100.0,14945445.0,2022,12,2,14,15,2022-12-02 14:15,5701100.0
2022-12-02 14:20:00,2.621,2.62,2.621,2.619,3409700.0,8932209.0,2022,12,2,14,20,2022-12-02 14:20,3409700.0
2022-12-02 14:25:00,2.619,2.62,2.621,2.618,3946100.0,10335834.0,2022,12,2,14,25,2022-12-02 14:25,3946100.0
2022-12-02 14:30:00,2.62,2.619,2.621,2.618,3707000.0,9710886.0,2022,12,2,14,30,2022-12-02 14:30,3707000.0
2022-12-02 14:35:00,2.619,2.619,2.619,2.617,5064800.0,13260376.0,2022,12,2,14,35,2022-12-02 14:35,5064800.0
2022-12-02 14:40:00,2.618,2.618,2.62,2.617,5106500.0,13372912.0,2022,12,2,14,40,2022-12-02 14:40,5106500.0
2022-12-02 14:45:00,2.618,2.619,2.62,2.618,8491100.0,22237098.0,2022,12,2,14,45,2022-12-02 14:45,8491100.0
2022-12-02 14:50:00,2.619,2.62,2.621,2.619,8307500.0,21765492.0,2022,12,2,14,50,2022-12-02 14:50,8307500.0
2022-12-02 14:55:00,2.62,2.618,2.62,2.617,8886100.0,23267704.0,2022,12,2,14,55,2022-12-02 14:55,8886100.0
2022-12-02 15:00:00,2.617,2.617,2.618,2.615,14373200.0,37610536.0,2022,12,2,15,0,2022-12-02 15:00,14373200.0
2022-12-05 09:35:00,2.648,2.645,2.659,2.638,67501800.0,178658816.0,2022,12,5,9,35,2022-12-05 09:35,67501800.0
2022-12-05 09:40:00,2.645,2.637,2.647,2.636,74233104.0,196168768.0,2022,12,5,9,40,2022-12-05 09:40,74233104.0
2022-12-05 09:45:00,2.637,2.641,2.645,2.635,43517700.0,114867928.0,2022,12,5,9,45,2022-12-05 09:45,43517700.0
2022-12-05 09:50:00,2.641,2.649,2.649,2.639,43519700.0,114989528.0,2022,12,5,9,50,2022-12-05 09:50,43519700.0
2022-12-05 09:55:00,2.649,2.654,2.655,2.645,46503700.0,123190392.0,2022,12,5,9,55,2022-12-05 09:55,46503700.0
2022-12-05 10:00:00,2.654,2.65,2.658,2.649,38778400.0,102889544.0,2022,12,5,10,0,2022-12-05 10:00,38778400.0
2022-12-05 10:05:00,2.651,2.653,2.653,2.647,32029600.0,84861928.0,2022,12,5,10,5,2022-12-05 10:05,32029600.0
2022-12-05 10:10:00,2.653,2.659,2.659,2.652,26664700.0,70806288.0,2022,12,5,10,10,2022-12-05 10:10,26664700.0
2022-12-05 10:15:00,2.659,2.666,2.671,2.659,43455100.0,115799032.0,2022,12,5,10,15,2022-12-05 10:15,43455100.0
2022-12-05 10:20:00,2.667,2.669,2.67,2.665,20859100.0,55638576.0,2022,12,5,10,20,2022-12-05 10:20,20859100.0
2022-12-05 10:25:00,2.668,2.671,2.675,2.667,29499200.0,78803704.0,2022,12,5,10,25,2022-12-05 10:25,29499200.0
2022-12-05 10:30:00,2.67,2.669,2.671,2.666,17739300.0,47337216.0,2022,12,5,10,30,2022-12-05 10:30,17739300.0
2022-12-05 10:35:00,2.67,2.667,2.67,2.662,16899400.0,45040224.0,2022,12,5,10,35,2022-12-05 10:35,16899400.0
2022-12-05 10:40:00,2.666,2.668,2.669,2.664,11962700.0,31896584.0,2022,12,5,10,40,2022-12-05 10:40,11962700.0
2022-12-05 10:45:00,2.667,2.672,2.672,2.666,13699400.0,36572612.0,2022,12,5,10,45,2022-12-05 10:45,13699400.0
2022-12-05 10:50:00,2.672,2.668,2.673,2.666,17223200.0,45980416.0,2022,12,5,10,50,2022-12-05 10:50,17223200.0
2022-12-05 10:55:00,2.668,2.667,2.67,2.666,8869200.0,23659572.0,2022,12,5,10,55,2022-12-05 10:55,8869200.0
2022-12-05 11:00:00,2.669,2.666,2.673,2.666,11495500.0,30696236.0,2022,12,5,11,0,2022-12-05 11:00,11495500.0
2022-12-05 11:05:00,2.668,2.662,2.668,2.662,17354900.0,46238272.0,2022,12,5,11,5,2022-12-05 11:05,17354900.0
2022-12-05 11:10:00,2.662,2.664,2.665,2.661,10062900.0,26800654.0,2022,12,5,11,10,2022-12-05 11:10,10062900.0
2022-12-05 11:15:00,2.663,2.669,2.669,2.663,11417100.0,30448972.0,2022,12,5,11,15,2022-12-05 11:15,11417100.0
2022-12-05 11:20:00,2.669,2.675,2.677,2.668,15194500.0,40616984.0,2022,12,5,11,20,2022-12-05 11:20,15194500.0
2022-12-05 11:25:00,2.675,2.674,2.677,2.671,16757900.0,44804936.0,2022,12,5,11,25,2022-12-05 11:25,16757900.0
2022-12-05 11:30:00,2.673,2.672,2.674,2.671,14127600.0,37757868.0,2022,12,5,11,30,2022-12-05 11:30,14127600.0
2022-12-05 13:05:00,2.672,2.669,2.673,2.668,19980100.0,53347424.0,2022,12,5,13,5,2022-12-05 13:05,19980100.0
2022-12-05 13:10:00,2.669,2.666,2.672,2.666,24785500.0,66134896.0,2022,12,5,13,10,2022-12-05 13:10,24785500.0
2022-12-05 13:15:00,2.665,2.666,2.667,2.664,9856500.0,26271428.0,2022,12,5,13,15,2022-12-05 13:15,9856500.0
2022-12-05 13:20:00,2.665,2.667,2.668,2.664,10408000.0,27744346.0,2022,12,5,13,20,2022-12-05 13:20,10408000.0
2022-12-05 13:25:00,2.667,2.669,2.669,2.666,10873300.0,29007632.0,2022,12,5,13,25,2022-12-05 13:25,10873300.0
2022-12-05 13:30:00,2.668,2.672,2.672,2.666,42912000.0,114502128.0,2022,12,5,13,30,2022-12-05 13:30,42912000.0
2022-12-05 13:35:00,2.672,2.671,2.673,2.669,12964000.0,34632288.0,2022,12,5,13,35,2022-12-05 13:35,12964000.0
2022-12-05 13:40:00,2.671,2.674,2.675,2.671,18254300.0,48793416.0,2022,12,5,13,40,2022-12-05 13:40,18254300.0
2022-12-05 13:45:00,2.675,2.676,2.681,2.674,24957200.0,66824976.0,2022,12,5,13,45,2022-12-05 13:45,24957200.0
2022-12-05 13:50:00,2.675,2.676,2.677,2.673,9469900.0,25332764.0,2022,12,5,13,50,2022-12-05 13:50,9469900.0
2022-12-05 13:55:00,2.676,2.674,2.678,2.674,12236900.0,32740764.0,2022,12,5,13,55,2022-12-05 13:55,12236900.0
2022-12-05 14:00:00,2.675,2.676,2.677,2.673,11363400.0,30395060.0,2022,12,5,14,0,2022-12-05 14:00,11363400.0
2022-12-05 14:05:00,2.676,2.674,2.677,2.674,9304100.0,24900124.0,2022,12,5,14,5,2022-12-05 14:05,9304100.0
2022-12-05 14:10:00,2.675,2.668,2.675,2.668,14489100.0,38701132.0,2022,12,5,14,10,2022-12-05 14:10,14489100.0
2022-12-05 14:15:00,2.669,2.669,2.672,2.668,20192700.0,53915516.0,2022,12,5,14,15,2022-12-05 14:15,20192700.0
2022-12-05 14:20:00,2.669,2.67,2.67,2.668,8810000.0,23515632.0,2022,12,5,14,20,2022-12-05 14:20,8810000.0
2022-12-05 14:25:00,2.67,2.67,2.671,2.668,11247000.0,30025456.0,2022,12,5,14,25,2022-12-05 14:25,11247000.0
2022-12-05 14:30:00,2.67,2.671,2.671,2.669,10515500.0,28079064.0,2022,12,5,14,30,2022-12-05 14:30,10515500.0
2022-12-05 14:35:00,2.671,2.672,2.673,2.669,13825700.0,36941828.0,2022,12,5,14,35,2022-12-05 14:35,13825700.0
2022-12-05 14:40:00,2.673,2.673,2.674,2.671,19659000.0,52532504.0,2022,12,5,14,40,2022-12-05 14:40,19659000.0
2022-12-05 14:45:00,2.673,2.674,2.674,2.672,20435300.0,54614520.0,2022,12,5,14,45,2022-12-05 14:45,20435300.0
2022-12-05 14:50:00,2.674,2.673,2.674,2.672,15243200.0,40742068.0,2022,12,5,14,50,2022-12-05 14:50,15243200.0
2022-12-05 14:55:00,2.674,2.676,2.678,2.672,49331900.0,131967096.0,2022,12,5,14,55,2022-12-05 14:55,49331900.0
2022-12-05 15:00:00,2.677,2.68,2.681,2.676,32541300.0,87144752.0,2022,12,5,15,0,2022-12-05 15:00,32541300.0
2022-12-06 09:35:00,2.673,2.665,2.673,2.662,46294400.0,123426960.0,2022,12,6,9,35,2022-12-06 09:35,46294400.0
2022-12-06 09:40:00,2.665,2.674,2.675,2.663,24530000.0,65485944.0,2022,12,6,9,40,2022-12-06 09:40,24530000.0
2022-12-06 09:45:00,2.674,2.678,2.682,2.674,45012800.0,120569824.0,2022,12,6,9,45,2022-12-06 09:45,45012800.0
2022-12-06 09:50:00,2.678,2.676,2.681,2.675,36259000.0,97096896.0,2022,12,6,9,50,2022-12-06 09:50,36259000.0
2022-12-06 09:55:00,2.675,2.683,2.685,2.675,21577700.0,57823616.0,2022,12,6,9,55,2022-12-06 09:55,21577700.0
2022-12-06 10:00:00,2.683,2.679,2.685,2.678,16102000.0,43185840.0,2022,12,6,10,0,2022-12-06 10:00,16102000.0
2022-12-06 10:05:00,2.679,2.683,2.684,2.679,5958800.0,15979683.0,2022,12,6,10,5,2022-12-06 10:05,5958800.0
2022-12-06 10:10:00,2.684,2.689,2.692,2.684,25390400.0,68283400.0,2022,12,6,10,10,2022-12-06 10:10,25390400.0
2022-12-06 10:15:00,2.689,2.699,2.7,2.689,51768500.0,139516400.0,2022,12,6,10,15,2022-12-06 10:15,51768500.0
2022-12-06 10:20:00,2.699,2.699,2.701,2.694,25194400.0,67973216.0,2022,12,6,10,20,2022-12-06 10:20,25194400.0
2022-12-06 10:25:00,2.699,2.701,2.705,2.697,25336000.0,68425408.0,2022,12,6,10,25,2022-12-06 10:25,25336000.0
2022-12-06 10:30:00,2.701,2.705,2.707,2.701,20628400.0,55791796.0,2022,12,6,10,30,2022-12-06 10:30,20628400.0
2022-12-06 10:35:00,2.705,2.697,2.705,2.697,19355400.0,52250312.0,2022,12,6,10,35,2022-12-06 10:35,19355400.0
2022-12-06 10:40:00,2.698,2.694,2.702,2.691,44257600.0,119255632.0,2022,12,6,10,40,2022-12-06 10:40,44257600.0
2022-12-06 10:45:00,2.695,2.694,2.695,2.69,25909900.0,69770880.0,2022,12,6,10,45,2022-12-06 10:45,25909900.0
2022-12-06 10:50:00,2.693,2.69,2.695,2.689,13012300.0,35017956.0,2022,12,6,10,50,2022-12-06 10:50,13012300.0
2022-12-06 10:55:00,2.69,2.693,2.693,2.687,9758400.0,26246664.0,2022,12,6,10,55,2022-12-06 10:55,9758400.0
2022-12-06 11:00:00,2.693,2.692,2.695,2.692,9670900.0,26047252.0,2022,12,6,11,0,2022-12-06 11:00,9670900.0
2022-12-06 11:05:00,2.693,2.695,2.698,2.692,15308300.0,41246496.0,2022,12,6,11,5,2022-12-06 11:05,15308300.0
2022-12-06 11:10:00,2.696,2.696,2.699,2.695,10518100.0,28371392.0,2022,12,6,11,10,2022-12-06 11:10,10518100.0
2022-12-06 11:15:00,2.696,2.693,2.697,2.691,12763900.0,34390616.0,2022,12,6,11,15,2022-12-06 11:15,12763900.0
2022-12-06 11:20:00,2.693,2.693,2.695,2.691,9714900.0,26163344.0,2022,12,6,11,20,2022-12-06 11:20,9714900.0
2022-12-06 11:25:00,2.693,2.688,2.693,2.688,15027600.0,40415772.0,2022,12,6,11,25,2022-12-06 11:25,15027600.0
2022-12-06 11:30:00,2.688,2.684,2.691,2.684,11160100.0,29975560.0,2022,12,6,11,30,2022-12-06 11:30,11160100.0
2022-12-06 13:05:00,2.684,2.681,2.684,2.679,16091300.0,43144248.0,2022,12,6,13,5,2022-12-06 13:05,16091300.0
2022-12-06 13:10:00,2.681,2.677,2.681,2.677,12569900.0,33675696.0,2022,12,6,13,10,2022-12-06 13:10,12569900.0
2022-12-06 13:15:00,2.677,2.677,2.68,2.677,9142300.0,24483484.0,2022,12,6,13,15,2022-12-06 13:15,9142300.0
2022-12-06 13:20:00,2.679,2.682,2.682,2.676,15010800.0,40215348.0,2022,12,6,13,20,2022-12-06 13:20,15010800.0
2022-12-06 13:25:00,2.682,2.681,2.683,2.68,6546600.0,17557472.0,2022,12,6,13,25,2022-12-06 13:25,6546600.0
2022-12-06 13:30:00,2.68,2.681,2.684,2.68,17015500.0,45631004.0,2022,12,6,13,30,2022-12-06 13:30,17015500.0
2022-12-06 13:35:00,2.681,2.68,2.682,2.68,15319400.0,41064312.0,2022,12,6,13,35,2022-12-06 13:35,15319400.0
2022-12-06 13:40:00,2.68,2.682,2.682,2.68,5232200.0,14029174.0,2022,12,6,13,40,2022-12-06 13:40,5232200.0
2022-12-06 13:45:00,2.681,2.686,2.686,2.68,10464000.0,28081028.0,2022,12,6,13,45,2022-12-06 13:45,10464000.0
2022-12-06 13:50:00,2.686,2.688,2.69,2.685,6076600.0,16333173.0,2022,12,6,13,50,2022-12-06 13:50,6076600.0
2022-12-06 13:55:00,2.688,2.687,2.688,2.685,5106600.0,13719786.0,2022,12,6,13,55,2022-12-06 13:55,5106600.0
2022-12-06 14:00:00,2.687,2.69,2.691,2.687,6630100.0,17834600.0,2022,12,6,14,0,2022-12-06 14:00,6630100.0
2022-12-06 14:05:00,2.69,2.686,2.691,2.686,10763800.0,28927730.0,2022,12,6,14,5,2022-12-06 14:05,10763800.0
2022-12-06 14:10:00,2.686,2.684,2.687,2.681,9673800.0,25960692.0,2022,12,6,14,10,2022-12-06 14:10,9673800.0
2022-12-06 14:15:00,2.683,2.68,2.683,2.68,9400600.0,25207508.0,2022,12,6,14,15,2022-12-06 14:15,9400600.0
2022-12-06 14:20:00,2.681,2.678,2.681,2.678,13428400.0,35981184.0,2022,12,6,14,20,2022-12-06 14:20,13428400.0
2022-12-06 14:25:00,2.678,2.679,2.68,2.678,22967500.0,61525896.0,2022,12,6,14,25,2022-12-06 14:25,22967500.0
2022-12-06 14:30:00,2.679,2.678,2.68,2.678,14182700.0,37992892.0,2022,12,6,14,30,2022-12-06 14:30,14182700.0
2022-12-06 14:35:00,2.678,2.682,2.685,2.677,12931100.0,34661728.0,2022,12,6,14,35,2022-12-06 14:35,12931100.0
2022-12-06 14:40:00,2.682,2.682,2.684,2.681,10972500.0,29437264.0,2022,12,6,14,40,2022-12-06 14:40,10972500.0
2022-12-06 14:45:00,2.682,2.683,2.685,2.682,8969900.0,24072708.0,2022,12,6,14,45,2022-12-06 14:45,8969900.0
2022-12-06 14:50:00,2.683,2.682,2.684,2.682,6381300.0,17122136.0,2022,12,6,14,50,2022-12-06 14:50,6381300.0
2022-12-06 14:55:00,2.682,2.684,2.684,2.682,12971500.0,34806148.0,2022,12,6,14,55,2022-12-06 14:55,12971500.0
2022-12-06 15:00:00,2.684,2.688,2.689,2.684,18272300.0,49062704.0,2022,12,6,15,0,2022-12-06 15:00,18272300.0
2022-12-07 09:35:00,2.68,2.675,2.683,2.673,23940200.0,64119632.0,2022,12,7,9,35,2022-12-07 09:35,23940200.0
2022-12-07 09:40:00,2.676,2.679,2.68,2.674,12693200.0,33980504.0,2022,12,7,9,40,2022-12-07 09:40,12693200.0
2022-12-07 09:45:00,2.68,2.684,2.685,2.679,14148700.0,37953084.0,2022,12,7,9,45,2022-12-07 09:45,14148700.0
2022-12-07 09:50:00,2.684,2.676,2.685,2.676,6909700.0,18509908.0,2022,12,7,9,50,2022-12-07 09:50,6909700.0
2022-12-07 09:55:00,2.677,2.673,2.68,2.673,13594400.0,36371376.0,2022,12,7,9,55,2022-12-07 09:55,13594400.0
2022-12-07 10:00:00,2.673,2.675,2.677,2.672,19749100.0,52834496.0,2022,12,7,10,0,2022-12-07 10:00,19749100.0
2022-12-07 10:05:00,2.675,2.678,2.678,2.674,19128400.0,51174732.0,2022,12,7,10,5,2022-12-07 10:05,19128400.0
2022-12-07 10:10:00,2.679,2.677,2.68,2.675,12799500.0,34279620.0,2022,12,7,10,10,2022-12-07 10:10,12799500.0
2022-12-07 10:15:00,2.676,2.676,2.68,2.675,9807000.0,26253968.0,2022,12,7,10,15,2022-12-07 10:15,9807000.0
2022-12-07 10:20:00,2.675,2.678,2.678,2.674,16771100.0,44877388.0,2022,12,7,10,20,2022-12-07 10:20,16771100.0
2022-12-07 10:25:00,2.679,2.679,2.683,2.678,11913800.0,31939284.0,2022,12,7,10,25,2022-12-07 10:25,11913800.0
2022-12-07 10:30:00,2.678,2.68,2.681,2.677,16379400.0,43873620.0,2022,12,7,10,30,2022-12-07 10:30,16379400.0
2022-12-07 10:35:00,2.68,2.675,2.68,2.675,14258300.0,38184432.0,2022,12,7,10,35,2022-12-07 10:35,14258300.0
2022-12-07 10:40:00,2.676,2.675,2.678,2.674,9547200.0,25551092.0,2022,12,7,10,40,2022-12-07 10:40,9547200.0
2022-12-07 10:45:00,2.674,2.673,2.675,2.67,16077900.0,42972164.0,2022,12,7,10,45,2022-12-07 10:45,16077900.0
2022-12-07 10:50:00,2.673,2.674,2.676,2.672,14402900.0,38499128.0,2022,12,7,10,50,2022-12-07 10:50,14402900.0
2022-12-07 10:55:00,2.674,2.676,2.676,2.673,10225900.0,27343770.0,2022,12,7,10,55,2022-12-07 10:55,10225900.0
2022-12-07 11:00:00,2.676,2.676,2.677,2.673,9109100.0,24365452.0,2022,12,7,11,0,2022-12-07 11:00,9109100.0
2022-12-07 11:05:00,2.675,2.673,2.677,2.672,13226400.0,35375136.0,2022,12,7,11,5,2022-12-07 11:05,13226400.0
2022-12-07 11:10:00,2.673,2.672,2.675,2.671,10076700.0,26928834.0,2022,12,7,11,10,2022-12-07 11:10,10076700.0
2022-12-07 11:15:00,2.672,2.677,2.677,2.672,5718100.0,15293712.0,2022,12,7,11,15,2022-12-07 11:15,5718100.0
2022-12-07 11:20:00,2.676,2.675,2.677,2.674,8615100.0,23050488.0,2022,12,7,11,20,2022-12-07 11:20,8615100.0
2022-12-07 11:25:00,2.675,2.673,2.676,2.673,5544300.0,14826017.0,2022,12,7,11,25,2022-12-07 11:25,5544300.0
2022-12-07 11:30:00,2.674,2.676,2.676,2.673,5132500.0,13725787.0,2022,12,7,11,30,2022-12-07 11:30,5132500.0
2022-12-07 13:05:00,2.674,2.686,2.688,2.674,20630000.0,55358412.0,2022,12,7,13,5,2022-12-07 13:05,20630000.0
2022-12-07 13:10:00,2.687,2.692,2.696,2.686,34900000.0,93936136.0,2022,12,7,13,10,2022-12-07 13:10,34900000.0
2022-12-07 13:15:00,2.691,2.696,2.697,2.69,13972200.0,37649572.0,2022,12,7,13,15,2022-12-07 13:15,13972200.0
2022-12-07 13:20:00,2.696,2.696,2.697,2.692,18967600.0,51104100.0,2022,12,7,13,20,2022-12-07 13:20,18967600.0
2022-12-07 13:25:00,2.696,2.692,2.696,2.692,13260300.0,35715256.0,2022,12,7,13,25,2022-12-07 13:25,13260300.0
2022-12-07 13:30:00,2.693,2.701,2.703,2.693,57520600.0,155250128.0,2022,12,7,13,30,2022-12-07 13:30,57520600.0
2022-12-07 13:35:00,2.701,2.704,2.71,2.701,101246400.0,273972896.0,2022,12,7,13,35,2022-12-07 13:35,101246400.0
2022-12-07 13:40:00,2.704,2.692,2.705,2.692,29014700.0,78306176.0,2022,12,7,13,40,2022-12-07 13:40,29014700.0
2022-12-07 13:45:00,2.692,2.68,2.693,2.68,35604800.0,95570400.0,2022,12,7,13,45,2022-12-07 13:45,35604800.0
2022-12-07 13:50:00,2.68,2.677,2.683,2.675,38167100.0,102222192.0,2022,12,7,13,50,2022-12-07 13:50,38167100.0
2022-12-07 13:55:00,2.677,2.676,2.677,2.668,42498400.0,113579688.0,2022,12,7,13,55,2022-12-07 13:55,42498400.0
2022-12-07 14:00:00,2.676,2.673,2.677,2.671,17100100.0,45721232.0,2022,12,7,14,0,2022-12-07 14:00,17100100.0
2022-12-07 14:05:00,2.672,2.666,2.673,2.666,23378600.0,62403352.0,2022,12,7,14,5,2022-12-07 14:05,23378600.0
2022-12-07 14:10:00,2.666,2.666,2.667,2.663,25514400.0,67993304.0,2022,12,7,14,10,2022-12-07 14:10,25514400.0
2022-12-07 14:15:00,2.666,2.663,2.669,2.662,23000300.0,61324916.0,2022,12,7,14,15,2022-12-07 14:15,23000300.0
2022-12-07 14:20:00,2.663,2.666,2.668,2.662,17266600.0,46002476.0,2022,12,7,14,20,2022-12-07 14:20,17266600.0
2022-12-07 14:25:00,2.667,2.669,2.67,2.666,10780600.0,28755872.0,2022,12,7,14,25,2022-12-07 14:25,10780600.0
2022-12-07 14:30:00,2.668,2.669,2.672,2.667,7098400.0,18943728.0,2022,12,7,14,30,2022-12-07 14:30,7098400.0
2022-12-07 14:35:00,2.669,2.672,2.672,2.668,8892400.0,23755654.0,2022,12,7,14,35,2022-12-07 14:35,8892400.0
2022-12-07 14:40:00,2.672,2.675,2.675,2.67,14753500.0,39413492.0,2022,12,7,14,40,2022-12-07 14:40,14753500.0
2022-12-07 14:45:00,2.674,2.674,2.676,2.673,22178300.0,59322912.0,2022,12,7,14,45,2022-12-07 14:45,22178300.0
2022-12-07 14:50:00,2.675,2.671,2.675,2.671,14406000.0,38506432.0,2022,12,7,14,50,2022-12-07 14:50,14406000.0
2022-12-07 14:55:00,2.672,2.674,2.676,2.672,13023200.0,34820816.0,2022,12,7,14,55,2022-12-07 14:55,13023200.0
2022-12-07 15:00:00,2.674,2.671,2.675,2.671,9813100.0,26226570.0,2022,12,7,15,0,2022-12-07 15:00,9813100.0
2022-12-08 09:35:00,2.668,2.666,2.676,2.666,38367500.0,102524208.0,2022,12,8,9,35,2022-12-08 09:35,38367500.0
2022-12-08 09:40:00,2.667,2.674,2.678,2.664,24775700.0,66196480.0,2022,12,8,9,40,2022-12-08 09:40,24775700.0
2022-12-08 09:45:00,2.674,2.665,2.674,2.664,18501500.0,49371820.0,2022,12,8,9,45,2022-12-08 09:45,18501500.0
2022-12-08 09:50:00,2.665,2.672,2.673,2.665,10862700.0,29008300.0,2022,12,8,9,50,2022-12-08 09:50,10862700.0
2022-12-08 09:55:00,2.672,2.672,2.676,2.672,9916600.0,26518488.0,2022,12,8,9,55,2022-12-08 09:55,9916600.0
2022-12-08 10:00:00,2.672,2.679,2.68,2.672,10842600.0,29017796.0,2022,12,8,10,0,2022-12-08 10:00,10842600.0
2022-12-08 10:05:00,2.68,2.674,2.68,2.674,10889300.0,29153092.0,2022,12,8,10,5,2022-12-08 10:05,10889300.0
2022-12-08 10:10:00,2.674,2.67,2.676,2.67,10043500.0,26837704.0,2022,12,8,10,10,2022-12-08 10:10,10043500.0
2022-12-08 10:15:00,2.67,2.671,2.672,2.668,7470700.0,19945812.0,2022,12,8,10,15,2022-12-08 10:15,7470700.0
2022-12-08 10:20:00,2.671,2.669,2.673,2.668,6207500.0,16577310.0,2022,12,8,10,20,2022-12-08 10:20,6207500.0
2022-12-08 10:25:00,2.668,2.666,2.669,2.665,5471800.0,14592709.0,2022,12,8,10,25,2022-12-08 10:25,5471800.0
2022-12-08 10:30:00,2.665,2.666,2.668,2.665,5599900.0,14930606.0,2022,12,8,10,30,2022-12-08 10:30,5599900.0
2022-12-08 10:35:00,2.666,2.67,2.671,2.665,16535800.0,44126612.0,2022,12,8,10,35,2022-12-08 10:35,16535800.0
2022-12-08 10:40:00,2.67,2.671,2.672,2.668,7086100.0,18919232.0,2022,12,8,10,40,2022-12-08 10:40,7086100.0
2022-12-08 10:45:00,2.671,2.671,2.676,2.671,5014700.0,13403396.0,2022,12,8,10,45,2022-12-08 10:45,5014700.0
2022-12-08 10:50:00,2.672,2.671,2.674,2.67,6316200.0,16876408.0,2022,12,8,10,50,2022-12-08 10:50,6316200.0
2022-12-08 10:55:00,2.673,2.673,2.673,2.669,5019400.0,13407921.0,2022,12,8,10,55,2022-12-08 10:55,5019400.0
2022-12-08 11:00:00,2.674,2.673,2.677,2.672,6076500.0,16251669.0,2022,12,8,11,0,2022-12-08 11:00,6076500.0
2022-12-08 11:05:00,2.673,2.674,2.677,2.671,6567000.0,17558540.0,2022,12,8,11,5,2022-12-08 11:05,6567000.0
2022-12-08 11:10:00,2.675,2.677,2.679,2.673,14679000.0,39299080.0,2022,12,8,11,10,2022-12-08 11:10,14679000.0
2022-12-08 11:15:00,2.676,2.676,2.677,2.672,9920800.0,26535696.0,2022,12,8,11,15,2022-12-08 11:15,9920800.0
2022-12-08 11:20:00,2.676,2.679,2.679,2.675,8378000.0,22426620.0,2022,12,8,11,20,2022-12-08 11:20,8378000.0
2022-12-08 11:25:00,2.678,2.684,2.685,2.678,23196900.0,62218208.0,2022,12,8,11,25,2022-12-08 11:25,23196900.0
2022-12-08 11:30:00,2.682,2.679,2.684,2.678,7448200.0,19963984.0,2022,12,8,11,30,2022-12-08 11:30,7448200.0
2022-12-08 13:05:00,2.68,2.679,2.683,2.679,6910600.0,18524952.0,2022,12,8,13,5,2022-12-08 13:05,6910600.0
2022-12-08 13:10:00,2.679,2.672,2.679,2.672,8607700.0,23031352.0,2022,12,8,13,10,2022-12-08 13:10,8607700.0
2022-12-08 13:15:00,2.672,2.673,2.674,2.671,4212100.0,11256242.0,2022,12,8,13,15,2022-12-08 13:15,4212100.0
2022-12-08 13:20:00,2.672,2.676,2.677,2.672,3545700.0,9482401.0,2022,12,8,13,20,2022-12-08 13:20,3545700.0
2022-12-08 13:25:00,2.677,2.674,2.677,2.673,4502500.0,12041624.0,2022,12,8,13,25,2022-12-08 13:25,4502500.0
2022-12-08 13:30:00,2.675,2.675,2.676,2.671,3773800.0,10088020.0,2022,12,8,13,30,2022-12-08 13:30,3773800.0
2022-12-08 13:35:00,2.676,2.675,2.677,2.673,3229800.0,8640214.0,2022,12,8,13,35,2022-12-08 13:35,3229800.0
2022-12-08 13:40:00,2.675,2.673,2.677,2.673,4857500.0,12996263.0,2022,12,8,13,40,2022-12-08 13:40,4857500.0
2022-12-08 13:45:00,2.674,2.673,2.676,2.673,3738200.0,9995968.0,2022,12,8,13,45,2022-12-08 13:45,3738200.0
2022-12-08 13:50:00,2.673,2.673,2.674,2.671,3638600.0,9723504.0,2022,12,8,13,50,2022-12-08 13:50,3638600.0
2022-12-08 13:55:00,2.673,2.675,2.676,2.671,12712100.0,33978400.0,2022,12,8,13,55,2022-12-08 13:55,12712100.0
2022-12-08 14:00:00,2.676,2.677,2.681,2.675,5875800.0,15740327.0,2022,12,8,14,0,2022-12-08 14:00,5875800.0
