,代码,名称,最新价,涨跌额,涨跌幅,昨收,今开,最高,最低,成交量,成交额
0,sh000001,上证指数,3222.3536,-9.052,-0.28,3231.4055,3225.3049,3226.4499,3210.7135,192578877,249067304261
1,sh000002,Ａ股指数,3377.8215,-9.471,-0.28,3387.2925,3380.8823,3382.1272,3365.5757,192376585,248749454679
2,sh000003,Ｂ股指数,271.15,-3.262,-1.189,274.412,274.5071,274.6784,270.8432,137009,71887337
3,sh000004,工业指数,2894.8003,5.122,0.177,2889.6784,2885.5181,2894.9256,2876.4858,105043066,169102154529
4,sh000005,商业指数,2624.0501,-11.919,-0.452,2635.9689,2630.0469,2630.0469,2607.8088,17581170,18489643680
5,sh000006,地产指数,5810.1571,-34.976,-0.598,5845.1328,5840.7137,5856.6468,5788.584,3499906,2373261451
6,sh000007,公用指数,4619.6942,-20.167,-0.435,4639.8607,4627.703,4628.7141,4601.0292,17976337,11582105920
7,sh000008,综合指数,2750.0143,-32.846,-1.18,2782.86,2775.5164,2775.5164,2748.3021,48478398,47520138680
8,sh000009,上证380,5621.1859,4.742,0.084,5616.4444,5611.4199,5631.3657,5587.6385,29591540,43034536629
9,sh000010,上证180,8201.013,-36.517,-0.443,8237.53,8217.0917,8217.0917,8176.0007,54980505,81904632048
10,sh000011,基金指数,6497.9259,-10.613,-0.163,6508.5384,6503.4275,6503.4275,6486.5505,210141686,40299025781
11,sh000012,国债指数,202.1762,0.099,0.049,202.0774,202.1271,202.1805,202.1267,15851968,15949322852
12,sh000015,红利指数,2972.0494,-26.935,-0.898,2998.9842,2993.0642,2993.2792,2966.4308,17131016,10980208204
13,sh000016,上证50,2532.8423,-11.089,-0.436,2543.9316,2536.3759,2537.5868,2524.3125,21946104,31832359595
14,sh000017,新综指,2722.7767,-7.609,-0.279,2730.3855,2725.2194,2726.2128,2712.8915,183160559,233630725214
15,sh000018,180金融,4488.907,-49.538,-1.092,4538.445,4534.0099,4534.0099,4488.5675,16843510,14398809819
16,sh000019,治理指数,1041.4847,-4.957,-0.474,1046.442,1044.7188,1045.2197,1039.143,46705297,51517713985
17,sh000020,中型综指,1300.2218,6.15,0.475,1294.0722,1293.4868,1300.2524,1288.2855,27782000,55950055394
18,sh000021,180治理,913.5665,-4.935,-0.537,918.5016,916.9642,917.3231,911.7897,32440315,36774310669
19,sh000022,沪公司债,229.9374,0.079,0.035,229.8579,229.9359,229.9407,229.9271,49257,43375568
20,sh000025,180基建,1860.4215,-31.744,-1.678,1892.1656,1878.0964,1878.0964,1854.4466,13214881,9663181796
21,sh000026,180资源,3328.2968,-32.445,-0.965,3360.7423,3345.1015,3361.1501,3320.4425,5290735,6028653897
22,sh000027,180运输,745.9382,6.69,0.905,739.2478,739.4152,749.3177,735.4583,1488503,1501953844
23,sh000028,180成长,3449.6374,4.15,0.12,3445.4873,3431.513,3449.9192,3414.8505,8496221,26979588850
24,sh000029,180价值,3687.8234,-37.328,-1.002,3725.1517,3714.6983,3717.8668,3684.024,31331388,27512270864
25,sh000030,180R成长,2163.3463,-0.301,-0.014,2163.6473,2156.3485,2163.3782,2146.7066,25986610,57391130963
26,sh000031,180R价值,2687.5955,-22.864,-0.844,2710.4597,2704.8174,2705.3802,2684.5224,48821776,57923812977
27,sh000032,上证能源,1793.0684,-5.105,-0.284,1798.1734,1792.2083,1810.6076,1785.5039,8230139,5452570953
28,sh000033,上证材料,2204.0384,-12.332,-0.556,2216.3706,2210.9138,2210.9138,2192.7171,6370203,7800425753
29,sh000034,上证工业,2340.1068,-1.739,-0.074,2341.8458,2334.4416,2340.414,2319.2648,13156672,17249008793
30,sh000035,上证可选,2714.4758,47.569,1.784,2666.9071,2658.7753,2714.7426,2658.3069,7532399,10950333744
31,sh000036,上证消费,13392.9766,113.172,0.852,13279.8044,13281.3172,13406.7996,13222.3413,1325141,6804324590
32,sh000037,上证医药,6846.7787,-42.246,-0.613,6889.0251,6872.1115,6879.7386,6810.6826,3005458,10705925735
33,sh000038,上证金融,4433.7965,-47.735,-1.065,4481.5315,4478.2658,4478.2658,4433.4437,16421408,13785996861
34,sh000039,上证信息,3616.48,3.597,0.1,3612.8831,3610.2464,3637.4199,3591.8912,7781047,28489893984
35,sh000040,上证电信,3717.9389,-42.308,-1.125,3760.247,3718.2736,3737.5147,3691.7433,10898944,14678638609
36,sh000041,上证公用,2381.1589,-28.781,-1.194,2409.9396,2404.3598,2414.9613,2379.3029,6521259,4541720154
37,sh000042,上证央企,1520.91,-17.547,-1.141,1538.4566,1532.853,1532.853,1518.7724,30123700,25780417653
38,sh000043,超大盘,1944.2598,-9.985,-0.511,1954.2446,1949.1563,1949.1563,1937.17,8841176,17073040354
39,sh000044,上证中盘,3781.7844,-17.237,-0.454,3799.0214,3792.2165,3792.6834,3771.4129,33034402,50072272453
40,sh000045,上证小盘,4833.392,2.525,0.052,4830.8674,4825.9203,4840.9933,4810.1083,41458538,51861003522
41,sh000046,上证中小,4276.0333,-9.256,-0.216,4285.2891,4279.1578,4283.6418,4260.1268,74492940,101933275975
42,sh000047,上证全指,3292.0617,-10.24,-0.31,3302.3021,3295.402,3296.952,3280.5811,96439043,133765635570
43,sh000048,责任指数,1339.736,-4.392,-0.327,1344.128,1341.9045,1344.4855,1334.2598,17024086,24291958498
44,sh000049,上证民企,1769.7876,2.391,0.135,1767.3962,1761.1387,1770.0066,1753.0886,10900234,29405318171
45,sh000050,50等权,1978.7919,-9.649,-0.485,1988.4406,1979.2322,1979.5866,1969.7329,21946104,31832359595
46,sh000051,180等权,7990.423,-21.615,-0.27,8012.0383,7988.0542,7997.7822,7951.0745,54980505,81904632048
47,sh000052,50基本,2523.9144,-19.153,-0.753,2543.0672,2535.6442,2539.7765,2519.4271,21946104,31832359595
48,sh000053,180基本,10449.7769,-88.801,-0.843,10538.5777,10515.11,10515.11,10438.5219,54980505,81904632048
49,sh000054,上证海外,1186.4215,-12.431,-1.037,1198.8524,1195.2493,1195.779,1185.2849,29728446,30870809403
50,sh000055,上证地企,1261.5903,-3.936,-0.311,1265.5264,1263.6172,1263.6172,1257.3071,8399571,16342761432
51,sh000056,上证国企,1087.5337,-7.938,-0.725,1095.4722,1092.6224,1092.6224,1086.1834,38523270,42123179085
52,sh000057,全指成长,3669.6048,7.891,0.216,3661.7136,3649.4088,3669.6073,3631.4827,15584767,41164430641
53,sh000058,全指价值,3910.161,-33.431,-0.848,3943.5916,3935.8122,3937.8286,3905.5924,49912701,42895197637
54,sh000059,全R成长,2930.5465,3.833,0.131,2926.713,2918.8477,2930.5465,2907.4174,51110178,96439312150
55,sh000060,全R价值,3629.0033,-23.109,-0.633,3652.1126,3646.0791,3646.0791,3623.6879,85438112,98170079146
56,sh000061,沪企债30,167.7462,0.039,0.023,167.7076,167.7462,167.7462,167.7462,100,102200
57,sh000062,上证沪企,1737.3948,-9.187,-0.526,1746.5819,1744.0478,1746.7323,1734.7964,7894575,13360605279
58,sh000063,上证周期,2901.7164,-28.993,-0.989,2930.7097,2926.0244,2926.086,2900.8102,23302337,21252326225
59,sh000064,非周期,3254.1297,-1.755,-0.054,3255.8848,3245.4935,3254.1297,3234.2928,26705199,55600501317
60,sh000065,上证龙头,3261.4618,-10.826,-0.331,3272.288,3263.3283,3263.3408,3247.974,31106839,48454897683
61,sh000066,上证商品,2434.0766,-8.426,-0.345,2442.5022,2439.0508,2441.3243,2424.6263,11546021,10018174385
62,sh000067,上证新兴,6914.1793,-4.941,-0.071,6919.1208,6885.446,6917.0121,6857.4538,10550342,29656546149
63,sh000068,上证资源,2601.2323,-17.227,-0.658,2618.4597,2609.2225,2613.0216,2595.8429,11060206,9550658662
64,sh000069,消费80,5274.4777,28.492,0.543,5245.9855,5237.3933,5275.2054,5221.1517,9004201,23827391457
65,sh000070,能源等权,2626.5572,3.947,0.15,2622.6107,2618.985,2633.1072,2611.3974,8230139,5452570953
66,sh000071,材料等权,3037.5107,-14.347,-0.47,3051.858,3046.2495,3046.2495,3023.0098,6370203,7800425753
67,sh000072,工业等权,3040.064,2.208,0.073,3037.8564,3031.0306,3040.4288,3013.9045,13156672,17249008793
68,sh000073,可选等权,3141.707,75.457,2.461,3066.2499,3057.7144,3141.7349,3057.6381,7532399,10950333744
69,sh000074,消费等权,8915.9491,126.632,1.441,8789.3169,8771.327,8924.4468,8743.4699,1325141,6804324590
70,sh000075,医药等权,8142.6832,-57.198,-0.698,8199.881,8172.5772,8200.6246,8104.9352,3005458,10705925735
71,sh000076,金融等权,4277.9535,-51.552,-1.191,4329.5059,4322.813,4324.8292,4275.0411,15795969,13008417885
72,sh000077,信息等权,4521.8981,6.981,0.155,4514.9169,4517.6358,4539.5347,4498.0464,7781047,28489893984
73,sh000078,电信等权,3015.6529,-26.293,-0.864,3041.9461,3018.3734,3037.2826,2998.8719,10898944,14678638609
74,sh000079,公用等权,2403.7957,-23.048,-0.95,2426.8439,2423.8146,2435.5672,2401.9445,6521259,4541720154
75,sh000090,上证流通,1191.1807,-2.139,-0.179,1193.3195,1191.1653,1191.7123,1185.8839,183160559,233630725214
76,sh000091,沪财中小,10470.3159,0.033,0.0,10470.2826,10459.9493,10471.9468,10402.9162,11198149,12239617015
77,sh000092,资源50,3234.1978,-12.41,-0.382,3246.6073,3238.5654,3243.2026,3222.4177,10745764,10480915787
78,sh000093,180分层,11084.662,-26.421,-0.238,11111.083,11066.9546,11092.9356,11021.7132,54980505,81904632048
79,sh000094,上证上游,2761.5508,-22.396,-0.804,2783.9468,2772.1089,2779.3756,2756.4562,10474625,9202080726
80,sh000095,上证中游,2949.7041,6.982,0.237,2942.7222,2936.7938,2951.4889,2928.0859,31396987,57222911111
81,sh000096,上证下游,4772.165,0.693,0.015,4771.4719,4759.2628,4772.3441,4740.9344,22818670,42249240204
82,sh000097,高端装备,8560.2781,45.965,0.54,8514.3128,8493.8032,8584.0175,8482.1665,10843936,27411599411
83,sh000098,上证F200,4601.1203,-41.808,-0.9,4642.9281,4633.5531,4633.5531,4597.5335,66938045,64667893930
84,sh000099,上证F300,7753.6679,4.911,0.063,7748.7568,7732.6065,7762.442,7708.2416,39091995,47914822160
85,sh000100,上证F500,5202.2679,-39.443,-0.752,5241.711,5231.0746,5231.0746,5194.9779,106030040,112582716090
86,sh000101,5年信用,228.5077,0.062,0.027,228.4454,228.5066,228.5083,228.5066,2446,1950299
87,sh000102,沪投资品,5766.3402,-7.258,-0.126,5773.5984,5750.4849,5770.6811,5717.9325,11294895,17533032283
88,sh000103,沪消费品,9977.3467,18.677,0.188,9958.6699,9937.6104,9985.8795,9887.724,3024331,14187171750
89,sh000104,380能源,1422.9052,6.673,0.471,1416.232,1413.5505,1428.0158,1409.5002,1836659,1669309283
90,sh000105,380材料,3993.0192,-0.279,-0.007,3993.298,3988.2732,4003.2357,3966.7851,2505704,2529516749
91,sh000106,380工业,5201.1526,13.317,0.257,5187.8354,5182.1669,5209.0964,5152.0395,9263085,11415637562
92,sh000107,380可选,5254.9596,106.118,2.061,5148.8414,5137.3481,5269.9055,5137.3481,1202286,3571310593
93,sh000108,380消费,14256.6445,146.504,1.038,14110.1407,14084.2261,14269.1023,14057.2402,639711,1159076887
94,sh000109,380医药,11732.3593,-8.283,-0.071,11740.6428,11715.0487,11825.137,11624.0116,1788195,4455992732
95,sh000110,380金融,2869.386,-39.485,-1.357,2908.8707,2900.77,2900.77,2866.5983,5342891,2416864848
96,sh000111,380信息,7791.2062,-15.879,-0.203,7807.0853,7833.7528,7838.7878,7754.3865,2138671,7956170801
97,sh000112,380电信,5712.7188,4.709,0.083,5708.0095,5699.9331,5752.6741,5676.6163,2808640,6208920883
98,sh000113,380公用,2588.7091,-14.374,-0.552,2603.0835,2600.0581,2606.0707,2585.0958,1060247,817421686
99,sh000114,持续产业,1476.632,1.117,0.076,1475.5151,1468.2105,1477.1987,1460.2782,8040828,14034796500
100,sh000115,380等权,7576.0642,19.35,0.256,7556.7137,7546.7355,7583.7634,7522.5848,29591540,43034536629
101,sh000116,信用100,185.8097,0.073,0.039,185.7369,185.7828,185.8589,185.6581,48531,41976181
102,sh000117,380成长,4291.1328,22.41,0.525,4268.7233,4266.5581,4300.1323,4251.7278,5146785,13436300243
103,sh000118,380价值,8341.2691,-60.451,-0.72,8401.7197,8388.8667,8388.8667,8334.3706,14628625,10475635688
104,sh000119,380R成长,4052.1939,23.44,0.582,4028.7535,4026.9447,4058.1725,4009.9648,16916749,34594320187
105,sh000120,380R价值,7776.8404,-28.315,-0.363,7805.1551,7795.0454,7795.5844,7752.7371,26398589,31633655632
106,sh000121,医药主题,9880.2953,-71.566,-0.719,9951.8614,9922.2088,9937.6586,9831.4817,3286992,10877329343
107,sh000122,农业主题,1765.7191,-1.656,-0.094,1767.3751,1762.2449,1766.9343,1754.4189,2632494,2497995685
108,sh000123,180动态,5662.9424,0.12,0.002,5662.8222,5641.8416,5664.7219,5619.3746,19151241,40695709028
109,sh000125,180稳定,10454.9397,-63.843,-0.607,10518.7825,10497.4136,10497.4136,10436.5852,35829264,41208923020
110,sh000126,消费50,8897.7015,107.12,1.219,8790.5813,8780.3258,8900.8778,8764.7023,6570805,15359401542
111,sh000128,380基本,7627.2402,-40.849,-0.533,7668.0889,7658.9879,7659.4436,7610.5663,29591540,43034536629
112,sh000129,180波动,13444.3727,-119.446,-0.881,13563.8187,13536.1718,13536.1718,13432.7306,36706282,40318800064
113,sh000130,380波动,11674.629,-80.996,-0.689,11755.6255,11742.5382,11742.7734,11666.9217,12024385,7718003050
114,sh000131,上证高新,2151.39,-24.906,-1.144,2176.296,2174.0906,2174.9008,2131.6478,3618792,19147607036
115,sh000132,上证100,5899.3088,28.854,0.492,5870.4547,5863.6516,5900.482,5844.2338,4576422,8715114377
116,sh000133,上证150,5178.7137,24.784,0.481,5153.9295,5148.6059,5181.4816,5134.9734,6627354,14913013491
117,sh000134,上证银行,773.4788,-11.135,-1.419,784.6137,783.8455,783.8455,773.4551,13945508,7538590814
118,sh000135,180高贝,5066.2424,16.747,0.332,5049.495,5037.5624,5066.562,5009.6956,10008690,25066281696
119,sh000136,180低贝,11261.7172,-220.534,-1.921,11482.2511,11448.107,11450.4599,11257.768,28341111,27993751605
120,sh000137,380高贝,4496.7077,45.597,1.024,4451.1107,4442.5339,4504.487,4431.6018,4757352,10952626858
121,sh000138,380低贝,6837.043,-48.016,-0.697,6885.0594,6873.8319,6876.5716,6827.3787,11402366,9707288674
122,sh000139,上证转债,352.9524,0.002,0.001,352.9506,352.9918,353.2228,352.184,8088950,13018271270
123,sh000141,380动态,3396.1065,15.169,0.449,3380.9372,3379.5268,3398.9554,3364.3099,13199941,25682446606
124,sh000142,380稳定,8452.3418,-17.905,-0.211,8470.2464,8459.3847,8475.5818,8419.6144,16391599,17352090023
125,sh000145,优势资源,4906.9799,-31.449,-0.637,4938.4286,4922.3684,4923.0126,4891.062,8486288,7707159656
126,sh000146,优势制造,7193.5245,12.621,0.176,7180.9032,7154.7875,7198.4553,7118.0834,6800670,16386570336
127,sh000147,优势消费,8209.6392,22.795,0.278,8186.8444,8176.2176,8215.1233,8143.3149,3559176,12520672172
128,sh000148,消费领先,9029.8598,-36.361,-0.401,9066.2208,9040.1445,9040.4043,8987.494,24941535,46258705964
129,sh000149,180红利,3323.4396,-30.692,-0.915,3354.1321,3350.1018,3350.1018,3320.2698,18590389,14044421533
130,sh000150,380红利,11712.0661,-84.906,-0.72,11796.9716,11786.0528,11816.6448,11709.1542,4958764,3523454280
131,sh000151,上国红利,1497.8249,-16.623,-1.098,1514.4482,1512.5742,1514.3522,1496.1843,13984529,7770478480
132,sh000152,上央红利,2413.9167,-33.268,-1.359,2447.1851,2442.0143,2442.2376,2411.6473,19687923,11858730238
133,sh000153,上民红利,2945.9018,-21.018,-0.708,2966.9196,2952.7813,2952.7813,2924.8426,1764431,1581478623
134,sh000155,市值百强,2692.2184,-10.469,-0.387,2702.6876,2696.0524,2696.8353,2683.2932,39383370,60528690179
135,sh000158,上证环保,1697.5687,5.067,0.299,1692.5018,1686.6135,1698.3731,1673.0229,5971148,11978211134
136,sh000159,沪股通,3057.7576,-6.733,-0.22,3064.4903,3058.4394,3060.5294,3044.8346,145292022,185996921553
137,sh000160,沪新丝路,1828.8448,-13.06,-0.709,1841.9052,1834.3539,1835.0084,1822.4808,20003289,18622260697
138,sh000161,沪中国造,1801.2045,2.647,0.147,1798.5574,1793.4117,1801.7949,1784.649,14341402,33885697667
139,sh000162,沪互联+,3275.2461,20.416,0.627,3254.8305,3255.6659,3276.4139,3252.6985,10647295,26732619549
140,sh000170,50AH优选,4826.6129,-17.351,-0.358,4843.9639,4833.4886,4835.4196,4811.3379,12210588,21730301552
141,sh000300,沪深300,3831.9127,-4.79,-0.125,3836.7026,3827.3253,3834.4474,3813.8577,76873009,143620004217
142,sh000682,科创信息,1250.4412,-3.397,-0.271,1253.8383,1251.757,1258.809,1239.8985,2174181,17516033583
143,sh000683,科创生物,1052.0138,-5.529,-0.523,1057.5424,1054.0121,1056.8586,1043.1161,676224,3233647231
144,sh000687,科创高装,1115.3202,15.74,1.431,1099.5806,1100.997,1116.0283,1096.4039,1139710,4466715522
145,sh000688,科创50,1029.4022,-3.149,-0.305,1032.551,1030.2582,1032.0937,1022.403,13103530,51464737620
146,sh000689,科创材料,1107.7687,0.153,0.014,1107.6153,1106.6263,1110.8426,1099.9276,730461,2895370541
147,sh000690,科创成长,1109.5941,1.879,0.17,1107.715,1103.8499,1110.5285,1097.9702,1528349,7898550714
148,sh000692,科创新能,1636.7071,13.917,0.858,1622.7902,1616.6076,1638.3275,1603.7835,1355650,5026937320
149,sh000693,科创机械,1266.7305,9.462,0.753,1257.2682,1260.2018,1267.4474,1250.9684,1095983,4143511257
150,sh000695,科长三角,932.3861,4.972,0.536,927.4145,926.8428,933.1301,920.8762,1489063,10874237375
151,sh000697,科大湾区,1076.4748,3.678,0.343,1072.797,1074.4421,1077.9525,1070.0939,1358390,4416025917
152,sh000802,500沪市,6537.081,1.015,0.016,6536.0659,6528.1112,6552.5612,6503.1128,36173862,42351020565
153,sh000819,有色金属,5179.1098,-51.888,-0.992,5230.9978,5206.2558,5212.7571,5170.4739,6214151,10390659645
154,sh000823,800有色,5733.6293,-63.002,-1.087,5796.6313,5766.0844,5771.5685,5725.8289,5914373,9057951664
155,sh000827,中证环保,1825.3243,-0.431,-0.024,1825.7555,1818.6869,1827.6953,1804.5027,10933260,26439754014
156,sh000847,腾讯济安,2896.1632,-0.67,-0.023,2896.8328,2891.2381,2896.7016,2879.8745,20019210,23814691542
157,sh000849,300非银,8173.6141,-69.458,-0.843,8243.0726,8229.2336,8245.428,8150.5744,7255955,10376089650
158,sh000851,百发100,13994.1229,81.488,0.586,13912.6353,13893.3238,13998.9071,13864.2014,9019142,10486404367
159,sh000852,中证1000,6525.7412,30.177,0.465,6495.5639,6488.1996,6526.5606,6474.8627,91781833,125083223644
160,sh000853,CSSW丝路,1488.4309,1.365,0.092,1487.0657,1483.727,1488.9792,1477.424,21334064,32536739749
161,sh000854,500原料,4062.1227,-17.508,-0.429,4079.6302,4068.458,4084.4125,4048.1936,8685731,9385184055
162,sh000855,央视500,1353.6815,-1.404,-0.104,1355.0851,1351.9724,1354.9823,1347.5204,104106937,196919357654
163,sh000856,500工业,5899.5586,14.396,0.245,5885.1622,5874.1127,5913.0342,5844.7712,13616905,16997363129
164,sh000857,500医药,12185.4579,-94.703,-0.771,12280.1609,12262.5563,12288.3585,12149.0025,2789716,7002658120
165,sh000858,500信息,7353.2408,71.509,0.982,7281.7313,7283.5699,7385.4897,7276.9601,9927475,25747353370
166,sh000860,结构调整,1155.3589,-4.69,-0.404,1160.0491,1157.2158,1161.1844,1151.7738,27116871,39187687866
167,sh000865,上海国企,1281.2064,-4.455,-0.346,1285.6609,1285.709,1285.709,1277.3218,10295884,10269072805
168,sh000867,港中小企,2170.0284,-22.713,-1.036,2192.741,2195.1043,2195.4462,2166.1061,5648887,2540105068
169,sh000869,HK银行,2768.9944,-16.131,-0.579,2785.1254,2783.3029,2784.609,2764.4797,4091892,2223465985
170,sh000891,新兴综指,1459.5372,3.558,0.244,1455.9788,1453.31,1459.8302,1450.3821,177540598,322628115593
171,sh000901,小康指数,5404.2485,-40.689,-0.747,5444.9376,5430.183,5430.183,5391.4492,35781370,44932791962
172,sh000903,中证100,3660.9075,-7.023,-0.191,3667.9303,3657.2373,3661.9075,3645.0704,33334885,71244310923
173,sh000905,中证500,6021.8398,12.257,0.204,6009.5826,5999.6174,6036.4803,5987.2682,68602609,94323468475
174,sh000906,中证800,4199.3087,-1.583,-0.038,4200.8918,4191.4995,4203.6686,4178.6754,145475618,237943472692
175,sh000913,300医药,9452.3322,-72.154,-0.758,9524.4861,9497.0944,9497.0944,9398.1239,2235669,9556697383
176,sh000914,300金融,5289.4316,-53.131,-0.994,5342.5624,5334.3414,5334.3414,5287.7277,22791524,20096706889
177,sh000928,中证能源,2576.9427,-5.452,-0.211,2582.3946,2573.4193,2601.1583,2563.8723,7103083,4809827282
178,sh000932,中证消费,19128.117,157.793,0.832,18970.3243,18936.1658,19147.6207,18898.2529,2701663,10598564548
179,sh000933,中证医药,9436.157,-72.51,-0.763,9508.6672,9486.3609,9486.4976,9391.7359,5025385,16559355511
180,sh000934,中证金融,4973.9755,-48.395,-0.964,5022.3708,5014.7489,5014.7489,4971.8675,30413254,24362196898
181,sh000935,中证信息,4369.4797,26.353,0.607,4343.1266,4339.4454,4384.3654,4335.4549,23526741,69804724496
182,sh000974,800金融,5350.5533,-56.202,-1.039,5406.7549,5398.3873,5398.3873,5350.5533,26746216,21637863799
183,sh000982,500等权,7432.8496,9.234,0.124,7423.6155,7411.3133,7448.788,7390.5527,68602609,94323468475
184,sh000986,全指能源,2164.8738,-5.161,-0.238,2170.035,2162.7705,2183.2706,2155.833,9552243,6443800658
185,sh000987,全指材料,3350.1627,-15.945,-0.474,3366.1075,3356.2236,3361.9585,3334.9969,15205787,19927093253
186,sh000989,全指可选,4594.7264,94.284,2.095,4500.4419,4492.8695,4595.4318,4492.6507,16996261,26512580901
187,sh000991,全指医药,10151.3576,-78.575,-0.768,10229.9322,10206.5458,10206.5458,10104.9173,5981761,19995029073
188,sh000992,全指金融,4767.9106,-45.448,-0.944,4813.3587,4805.5701,4805.5701,4764.5716,38173314,28847833154
189,sh000993,全指信息,5779.0786,37.698,0.657,5741.3803,5737.7316,5796.9124,5732.5927,27294744,79020310146
190,sz399001,深证成指,10839.736,45.81,0.424,10793.926,10769.021,10847.283,10752.012,25418500186,355737954931
191,sz399002,深成指R,13872.327,60.782,0.44,13811.545,13781.828,13881.985,13760.06,7840659871,150832151830
192,sz399003,成份Ｂ指,7602.414,-105.983,-1.375,7708.397,7691.905,7693.773,7597.296,2335170,23825811
193,sz399004,深证100R,6459.687,26.371,0.41,6433.316,6416.443,6460.038,6404.234,2021576724,58045524512
194,sz399005,中小100,7125.024,53.308,0.754,7071.716,7058.032,7132.827,7048.738,2238269200,47529535320
195,sz399006,创业板指,2142.895,-0.114,-0.005,2143.009,2135.882,2145.851,2131.118,8953093118,161680425470
196,sz399007,深证300,4582.157,18.53,0.406,4563.627,4551.945,4585.204,4544.971,5077206950,114425746214
197,sz399008,中小300,1406.4,12.414,0.891,1393.986,1392.467,1407.792,1390.809,5052370786,80272668032
198,sz399009,深证200,4045.885,18.254,0.453,4027.631,4020.023,4054.673,4016.736,3055630226,56380221702
199,sz399010,深证700,7132.991,41.14,0.58,7091.851,7088.486,7134.601,7077.254,8957416103,108733315510
200,sz399011,深证1000,5275.83,24.231,0.461,5251.599,5241.639,5277.713,5234.017,14034623053,223159061725
201,sz399012,创业300,3185.631,5.017,0.158,3180.614,3172.007,3186.349,3167.729,3660802038,77498049900
202,sz399013,深市精选,4832.396,31.674,0.66,4800.722,4794.631,4834.208,4786.7,7248333102,122692295395
203,sz399015,中小创新,2435.007,15.004,0.62,2420.003,2419.675,2435.459,2416.598,6193963182,72326909895
204,sz399016,深证创新,4428.153,31.572,0.718,4396.581,4390.765,4429.417,4386.125,1588458077,55287099158
205,sz399017,SME创新,3773.704,49.569,1.331,3724.135,3726.257,3775.727,3723.251,1489856122,42808001539
206,sz399018,创业创新,4580.852,20.338,0.446,4560.514,4550.026,4582.55,4543.119,823379538,32596196773
207,sz399030,碳科技30,3381.257,7.474,0.222,3373.783,3357.647,3381.724,3333.597,231405322,9753506968
208,sz399050,创新引擎,2585.253,7.689,0.298,2577.564,2571.3,2589.677,2567.883,695945171,15105608404
209,sz399060,碳科技60,2750.071,11.016,0.402,2739.055,2730.662,2753.664,2723.838,807387624,27660395530
210,sz399088,深创100,3463.134,20.41,0.593,3442.724,3437.85,3464.499,3434.365,1600268212,58446546848
211,sz399100,新指数,9327.129,41.178,0.443,9285.951,9269.718,9327.552,9252.987,24446836152,351710660530
212,sz399101,中小综指,11649.645,87.25,0.755,11562.395,11547.962,11650.807,11529.817,10685254304,131743403501
213,sz399102,创业板综,2783.387,8.145,0.293,2775.242,2769.711,2783.974,2765.742,8953093118,161680425470
214,sz399103,乐富指数,6976.458,5.019,0.072,6971.439,6968.172,6978.771,6952.597,9643807011,12894146555
215,sz399106,深证综指,2014.873,8.427,0.42,2006.446,2002.665,2014.933,1998.981,25418500186,355737954931
216,sz399107,深证Ａ指,2107.938,8.862,0.422,2099.076,2095.119,2108.001,2091.268,25413912927,355708085146
217,sz399108,深证Ｂ指,1117.698,-10.709,-0.949,1128.407,1126.868,1127.228,1116.964,4587259,29869785
218,sz399231,农林指数,1270.865,-1.483,-0.117,1272.348,1270.07,1283.247,1260.514,160837570,1833244323
219,sz399232,采矿指数,2532.342,-1.349,-0.053,2533.691,2525.549,2544.733,2516.961,170275298,2259804853
220,sz399233,制造指数,2518.299,15.673,0.626,2502.626,2498.289,2518.401,2494.607,13487697879,213312410133
221,sz399234,水电指数,891.722,-12.007,-1.329,903.729,902.578,906.778,890.711,531698555,4163416895
222,sz399235,建筑指数,1121.146,-8.059,-0.714,1129.205,1127.344,1127.437,1116.792,442282338,3454645547
223,sz399236,批零指数,1309.269,-0.749,-0.057,1310.018,1307.768,1309.513,1301.189,667478576,8056366148
224,sz399237,运输指数,1102.472,0.41,0.037,1102.062,1102.545,1102.809,1089.358,253432606,2491064684
225,sz399238,餐饮指数,1966.288,-8.187,-0.415,1974.475,1974.797,1978.895,1941.307,57495835,749149105
226,sz399239,IT指数,2030.432,22.063,1.099,2008.369,2010.29,2034.595,2009.926,4970492002,77323159053
227,sz399240,金融指数,1130.234,-7.88,-0.692,1138.114,1133.849,1136.256,1128.53,612657354,6436099549
228,sz399241,地产指数,1610.671,-2.376,-0.147,1613.047,1606.96,1617.303,1595.277,488060926,2947531581
229,sz399242,商务指数,1131.365,10.912,0.974,1120.453,1121.327,1131.561,1118.683,609545854,6192496991
230,sz399243,科研指数,1520.599,-10.118,-0.661,1530.717,1522.299,1524.547,1512.634,368528873,6159556635
231,sz399244,公共指数,588.321,-6.033,-1.015,594.354,592.197,592.197,584.788,297274663,2463618632
232,sz399248,文化指数,977.541,12.962,1.344,964.579,964.216,980.314,964.216,729933930,8696628512
233,sz399249,综企指数,1130.993,10.324,0.921,1120.669,1122.047,1137.148,1116.816,19400693,186300116
234,sz399262,数字经济,1869.095,22.771,1.233,1846.324,1845.407,1870.409,1844.461,1748540912,52902057030
235,sz399263,创业数字,1691.678,18.516,1.107,1673.162,1668.279,1692.976,1668.172,1341863873,31446669241
236,sz399264,创新技术,1424.395,14.651,1.039,1409.744,1408.803,1428.549,1408.631,963308440,22202443094
237,sz399265,创新药械,1263.215,-13.209,-1.035,1276.424,1274.582,1274.582,1257.554,211206983,5438760050
238,sz399266,创新能源,2601.97,5.876,0.226,2596.094,2582.769,2601.97,2558.17,293844559,11406210143
239,sz399269,创质量,4746.427,49.82,1.061,4696.607,4679.787,4748.765,4672.532,566747034,28188842452
240,sz399274,深新基建,3637.882,53.071,1.48,3584.811,3584.581,3639.554,3584.581,1115591050,41257372500
241,sz399275,创医药,3493.162,-31.757,-0.901,3524.919,3517.0,3517.0,3476.611,209282678,6419363062
242,sz399276,创科技,5158.532,23.337,0.454,5135.195,5123.551,5162.314,5122.636,1015149152,27135301162
243,sz399277,公共健康,2948.0,-8.163,-0.276,2956.163,2949.227,2957.278,2936.122,427101225,9080277186
244,sz399278,长江100,1756.038,12.042,0.69,1743.996,1740.501,1756.312,1735.746,2348312173,50055410018
245,sz399279,云科技50,3212.536,52.393,1.658,3160.143,3159.242,3216.032,3156.972,2093120061,52708200940
246,sz399280,生物50,2606.517,-18.055,-0.688,2624.572,2620.932,2620.932,2594.587,241415240,5886121448
247,sz399281,电子50,2629.23,49.64,1.924,2579.59,2586.651,2638.879,2586.165,1257681885,16424561479
248,sz399282,大数据50,4991.119,51.116,1.035,4940.003,4940.052,5017.839,4940.052,1380763477,30742770903
249,sz399283,机器人50,3160.527,50.556,1.626,3109.971,3113.497,3160.937,3109.868,706629958,17748603581
250,sz399284,AI 50,3651.132,25.065,0.691,3626.067,3624.445,3673.803,3623.622,1239462377,34358513039
251,sz399285,物联网50,3873.386,69.382,1.824,3804.004,3810.063,3875.65,3810.063,1417456929,42469833128
252,sz399286,区块链50,3353.521,24.045,0.722,3329.476,3330.887,3357.3,3321.517,1892580457,28749308564
253,sz399290,深转交债,163.676,0.161,0.098,163.515,163.549,163.962,163.265,17927732,2554509638
254,sz399291,创精选88,3925.806,33.552,0.862,3892.254,3886.211,3928.729,3878.216,1463032098,24393807936
255,sz399292,民企发展,1049.054,4.305,0.412,1044.749,1043.335,1049.547,1041.641,3849145438,37211859730
256,sz399293,创业大盘,3948.851,10.744,0.273,3938.107,3926.179,3949.188,3916.976,454249057,24429737953
257,sz399294,中小创Q,2782.75,-11.944,-0.427,2794.694,2787.073,2792.669,2770.949,686374348,16927887345
258,sz399295,创价值,4559.257,8.448,0.186,4550.809,4534.883,4560.138,4524.053,875186602,18483779568
259,sz399296,创成长,5089.713,16.641,0.328,5073.072,5057.396,5094.496,5055.874,1350911075,35275919482
260,sz399297,新浪100,4151.868,14.347,0.347,4137.521,4141.112,4152.662,4122.916,1003524907,7319251905
261,sz399298,深信中高,194.959,0.057,0.029,194.902,194.957,194.959,194.956,3570000,352936615
262,sz399299,深信中低,226.061,0.082,0.036,225.979,226.061,226.061,226.061,0,0
263,sz399300,沪深300,3831.913,-4.79,-0.125,3836.703,3827.325,3834.448,3813.858,7687300900,143620004217
264,sz399301,深信用债,198.473,0.058,0.029,198.415,198.471,198.473,198.471,3570000,352936615
265,sz399302,深公司债,202.458,0.061,0.03,202.397,202.454,202.458,202.454,3570000,352936615
266,sz399303,国证2000,8114.208,35.0,0.433,8079.208,8071.177,8115.401,8051.436,16124961346,205004304523
267,sz399306,深证ETF,1395.553,1.476,0.106,1394.077,1393.418,1396.054,1390.271,9517257652,12735905475
268,sz399307,深证转债,300.161,0.55,0.184,299.611,299.666,300.476,299.207,118194688,20876304069
269,sz399310,国证A50,6096.493,-10.681,-0.175,6107.174,6092.085,6099.494,6076.645,1898189721,41913190203
270,sz399311,国证1000,4064.652,0.061,0.002,4064.591,4055.713,4068.62,4043.376,17777875841,278124974532
271,sz399312,国证300,4448.632,2.034,0.046,4446.598,4435.329,4449.763,4422.25,7098509207,153911141997
272,sz399313,巨潮100,4503.229,-10.937,-0.242,4514.166,4503.07,4507.521,4487.772,4053594615,67754383918
273,sz399314,巨潮大盘,4181.14,-7.322,-0.175,4188.462,4178.901,4184.978,4164.37,6395919822,109678858690
274,sz399315,巨潮中盘,3927.597,5.894,0.15,3921.703,3911.073,3931.934,3899.561,4659405961,80993746053
275,sz399316,巨潮小盘,4947.052,17.386,0.353,4929.666,4923.343,4953.857,4910.574,6722550058,87452369789
276,sz399317,国证Ａ指,5243.453,7.346,0.14,5236.107,5227.447,5243.58,5212.701,42903656709,587492091137
277,sz399318,国证Ｂ指,4649.638,-47.033,-1.001,4696.671,4695.448,4695.47,4646.566,18288145,101757122
278,sz399319,资源优势,2232.795,-17.149,-0.762,2249.944,2237.914,2243.029,2226.535,1761782903,16685145955
279,sz399320,国证服务,2143.189,-18.767,-0.868,2161.956,2153.26,2153.573,2139.4,2392817314,17666241123
280,sz399321,国证红利,6540.683,-50.121,-0.76,6590.804,6580.052,6582.132,6531.172,2534287003,25445532028
281,sz399322,国证治理,8397.098,-7.445,-0.089,8404.543,8388.866,8397.837,8347.626,1478278439,28478375459
282,sz399324,深证红利,8822.212,42.674,0.486,8779.538,8756.864,8825.177,8735.45,1020010143,14490725535
283,sz399326,成长40,4269.867,-4.617,-0.108,4274.484,4261.77,4284.182,4246.691,563159073,17034828720
284,sz399328,深证治理,9678.894,63.936,0.665,9614.958,9593.557,9680.896,9571.828,511662881,15238926154
285,sz399330,深证100,4809.645,18.322,0.382,4791.323,4777.447,4809.906,4768.356,2021576724,58045524512
286,sz399333,中小100R,8292.675,62.044,0.754,8230.631,8214.705,8301.757,8203.888,2238269200,47529535320
287,sz399335,深证央企,4066.012,-19.958,-0.488,4085.97,4071.924,4080.685,4056.667,811102329,13401306761
288,sz399337,深证民营,4627.585,20.161,0.438,4607.424,4594.922,4629.931,4586.788,2082032251,52555295977
289,sz399339,深证科技,6961.674,19.666,0.283,6942.008,6930.71,6971.73,6921.105,1831077459,60126873631
290,sz399341,深证责任,1649.091,5.957,0.363,1643.134,1638.838,1649.305,1634.575,1567350120,31621984448
291,sz399344,深证300R,5748.866,24.293,0.424,5724.573,5710.961,5752.688,5702.212,5077206950,114425746214
292,sz399346,深证成长,3280.683,3.943,0.12,3276.74,3268.088,3292.382,3259.936,1097406096,41193949664
293,sz399348,深证价值,5773.126,4.228,0.073,5768.898,5754.167,5780.113,5743.269,1930157466,27061283283
294,sz399350,皖江30,2523.024,28.387,1.138,2494.637,2489.72,2524.676,2481.331,528535965,14857669473
295,sz399351,创新示范,8433.04,20.896,0.248,8412.144,8406.222,8454.004,8390.099,1496380997,29287043673
296,sz399352,深企综指,7876.323,23.354,0.297,7852.969,7848.046,7888.784,7830.535,3842989627,62193683804
297,sz399353,国证物流,2206.133,1.745,0.079,2204.388,2201.937,2206.229,2186.926,635846066,6192946645
298,sz399354,分析师指数,7231.744,24.626,0.342,7207.118,7187.09,7231.744,7160.893,2793632632,68422098709
299,sz399355,长三角,2917.836,-12.119,-0.414,2929.955,2920.774,2928.213,2907.723,805037474,16587531518
300,sz399356,珠三角,8687.199,24.663,0.285,8662.536,8653.5,8702.741,8625.974,1085768129,23105803359
301,sz399357,环渤海,2789.651,-19.101,-0.68,2808.752,2796.027,2800.764,2779.859,2668676510,23782692147
302,sz399358,国证环保,4887.822,-13.912,-0.284,4901.734,4882.678,4902.611,4849.608,727150119,19901865209
303,sz399359,国证基建,2787.798,-32.773,-1.162,2820.571,2805.622,2805.723,2781.232,2018757362,13860981116
304,sz399360,新硬件,4718.722,64.05,1.376,4654.672,4653.906,4719.187,4652.174,2460528235,47867746414
305,sz399361,在线消费,4173.745,60.64,1.474,4113.105,4116.232,4183.108,4113.521,2741637965,37306511387
306,sz399362,民企100,6482.172,26.422,0.409,6455.75,6435.058,6482.487,6418.026,1698365526,63877117060
307,sz399363,国证算力,4585.002,74.398,1.649,4510.604,4525.704,4609.042,4525.704,1345857072,51302337787
308,sz399364,消费100,8363.524,47.595,0.572,8315.929,8296.208,8364.544,8270.905,2129412212,67261713849
309,sz399365,国证粮食,13571.996,50.73,0.375,13521.266,13522.84,13597.199,13497.509,317605082,3371565514
310,sz399366,能源金属,1821.307,-11.654,-0.636,1832.961,1826.644,1832.59,1813.183,409097380,7768764454
311,sz399367,1000地产,3548.913,-4.67,-0.131,3553.583,3546.496,3569.429,3521.231,541146548,4193836064
312,sz399368,国证军工,7065.899,-19.337,-0.273,7085.236,7065.749,7094.283,7051.626,538052762,10606677799
313,sz399369,国证责任,1481.026,2.057,0.139,1478.969,1477.107,1481.026,1471.952,1821937505,30107081402
314,sz399370,国证成长,4271.392,10.663,0.25,4260.729,4246.95,4274.301,4232.912,3431571814,99113370951
315,sz399371,国证价值,5993.383,-35.788,-0.594,6029.171,6017.231,6017.889,5977.985,7643623841,65588671023
316,sz399372,大盘成长,4349.376,1.369,0.031,4348.007,4330.14,4352.634,4316.81,1364896156,42560631064
317,sz399373,大盘价值,7076.938,-48.267,-0.677,7125.205,7112.933,7120.211,7059.47,3449673595,32518566856
318,sz399374,中盘成长,4215.276,25.896,0.618,4189.38,4181.505,4216.333,4162.393,695982165,28078566339
319,sz399375,中盘价值,5009.58,-26.003,-0.516,5035.583,5019.363,5019.363,4992.751,1993665871,18128719859
320,sz399376,小盘成长,5162.139,26.373,0.514,5135.766,5125.284,5172.803,5103.611,1370693493,28474173548
321,sz399377,小盘价值,6513.045,-25.957,-0.397,6539.002,6530.514,6530.514,6492.605,2200284375,14941384308
322,sz399378,ESG 300,2407.947,-2.57,-0.107,2410.517,2406.229,2409.6,2397.587,5550433822,102429888117
323,sz399379,国证基金,7260.575,-11.505,-0.158,7272.08,7266.233,7266.233,7245.007,30538618838,36765780167
324,sz399380,国证ETF,1434.385,-1.755,-0.122,1436.14,1434.912,1435.006,1430.673,30366514720,36485389014
325,sz399381,1000能源,2766.481,-7.853,-0.283,2774.334,2764.245,2793.499,2753.37,839105745,5682640233
326,sz399382,1000材料,2569.929,-9.502,-0.368,2579.431,2572.558,2578.859,2557.365,1553598563,20490438473
327,sz399383,1000工业,2619.125,0.627,0.024,2618.498,2611.206,2621.692,2597.792,3093119399,47028246789
328,sz399384,1000可选,3434.41,64.009,1.899,3370.401,3365.796,3434.826,3365.001,2268148383,29427207344
329,sz399385,1000消费,11973.51,108.986,0.919,11864.524,11843.531,11982.571,11819.104,409468959,13479963798
330,sz399386,1000医药,6804.227,-52.251,-0.762,6856.478,6842.419,6842.419,6773.764,594681863,18976662573
331,sz399387,1000金融,4252.76,-45.306,-1.054,4298.066,4291.125,4291.125,4252.187,2940846491,22391445926
332,sz399388,1000信息,4468.81,27.723,0.624,4441.087,4435.018,4480.32,4431.277,3953970235,94345521383
333,sz399389,国证通信,4017.454,17.575,0.439,3999.879,3971.643,4024.035,3968.376,1672718912,36143164084
334,sz399390,1000公用,2480.897,-30.892,-1.23,2511.789,2506.441,2517.526,2479.078,803883531,5420449459
335,sz399391,投资时钟,3132.128,5.074,0.162,3127.054,3122.224,3134.533,3111.762,1750699157,26605857613
336,sz399392,国证新兴,2448.836,10.855,0.445,2437.981,2431.959,2448.906,2425.202,3038949788,72549066119
337,sz399393,国证地产,3816.06,-4.922,-0.129,3820.982,3815.108,3838.157,3786.975,818885164,5730423855
338,sz399394,国证医药,10013.597,-77.256,-0.766,10090.853,10068.938,10068.938,9966.282,521566128,17781271715
339,sz399395,国证有色,5207.027,-50.92,-0.968,5257.947,5233.537,5240.056,5194.868,640315888,9369609023
340,sz399396,国证食品,24124.736,260.898,1.093,23863.838,23836.221,24140.936,23759.004,209936646,10830802196
341,sz399397,国证文化,2405.534,10.155,0.424,2395.379,2390.392,2409.326,2384.857,2437701563,35568055674
342,sz399398,绩效指数,10997.819,84.335,0.773,10913.484,10882.102,10997.819,10822.856,716899435,22825725280
343,sz399399,中经GDP,6695.88,-4.624,-0.069,6700.504,6686.808,6703.603,6669.263,5535267282,98852605680
344,sz399400,大中盘,3434.649,-2.874,-0.084,3437.523,3429.263,3437.668,3417.852,11055325783,190672604743
345,sz399401,中小盘,3966.206,9.657,0.244,3956.549,3948.443,3971.085,3938.798,11381956019,168446115842
346,sz399402,周期100,2936.962,-3.704,-0.126,2940.666,2932.742,2942.607,2922.233,2603735789,45060048236
347,sz399403,防御100,8432.532,8.25,0.098,8424.282,8397.256,8433.83,8365.085,1286916674,34521104706
348,sz399404,大盘低波,5434.86,-55.97,-1.019,5490.83,5482.382,5482.719,5433.517,2262147542,16625867913
349,sz399405,大盘高贝,2043.218,8.585,0.422,2034.633,2029.771,2044.938,2019.273,1019368094,38034362315
350,sz399406,中盘低波,11719.867,-54.969,-0.467,11774.836,11757.053,11757.053,11704.332,1628891405,13354016042
351,sz399407,中盘高贝,2302.583,15.218,0.665,2287.365,2282.492,2307.48,2280.176,1242596214,37322039756
352,sz399408,小盘低波,13888.97,-67.509,-0.484,13956.479,13939.008,13939.008,13863.735,1951682851,11192216586
353,sz399409,小盘高贝,4694.501,40.538,0.871,4653.963,4646.395,4700.072,4633.45,2501976865,49807382157
354,sz399410,苏州率先,1920.984,25.595,1.35,1895.389,1899.727,1922.497,1887.89,346976980,9623706156
355,sz399411,红利100,3319.721,-13.086,-0.393,3332.807,3323.781,3327.847,3308.904,2305902371,19192188704
356,sz399412,国证新能,2739.624,7.618,0.279,2732.006,2722.344,2744.021,2706.105,679381627,21200412659
357,sz399413,国证转债,151.097,0.106,0.07,150.991,151.012,151.219,150.708,220868378,36960535281
358,sz399415,I100,6557.555,18.059,0.276,6539.496,6530.771,6559.218,6504.555,1644730743,33246447123
359,sz399416,I300,3383.177,23.75,0.707,3359.427,3358.762,3384.019,3337.626,1123222553,11566762319
360,sz399417,新能源车,3012.512,9.201,0.306,3003.311,2992.602,3024.677,2980.611,432149653,15919987439
361,sz399418,国证国安,3853.25,-10.226,-0.265,3863.476,3850.743,3862.454,3839.236,2377419843,51413904685
362,sz399419,国证高铁,1838.453,0.672,0.037,1837.781,1833.23,1839.618,1821.991,802167411,7543015165
363,sz399420,国证保证,1152.938,-10.834,-0.931,1163.772,1161.588,1161.588,1150.73,715491349,10207187881
364,sz399422,中关村A,3250.79,2.491,0.077,3248.299,3238.966,3254.083,3230.35,4628622381,71551810488
365,sz399423,中关村50,2554.089,13.528,0.532,2540.561,2530.003,2557.326,2525.208,762201718,20630865887
366,sz399427,专利领先,2536.326,-3.528,-0.139,2539.854,2535.925,2541.294,2527.689,1881296752,11853595206
367,sz399428,国证定增,3042.915,27.446,0.91,3015.469,3013.412,3049.025,3006.202,1029818305,17227952783
368,sz399429,新丝路,1369.747,-5.558,-0.404,1375.305,1370.899,1371.757,1362.881,1110922558,11710522383
369,sz399431,国证银行,6080.969,-79.825,-1.296,6160.794,6152.244,6152.279,6079.915,1678566558,8944899760
370,sz399432,智能汽车,5281.883,87.618,1.687,5194.265,5182.257,5300.134,5170.71,565127178,21037605512
371,sz399433,国证交运,1724.787,-1.283,-0.074,1726.07,1724.965,1725.723,1711.899,999828179,6992640896
372,sz399434,国证传媒,2072.656,23.861,1.165,2048.795,2049.912,2079.477,2049.003,1862135628,19900059562
373,sz399435,国证农牧,4149.476,2.975,0.072,4146.501,4130.716,4169.915,4121.583,380245633,3512386837
374,sz399436,绿色煤炭,3714.568,12.766,0.345,3701.802,3694.826,3726.669,3683.462,500737854,3258095020
375,sz399437,证券龙头,5097.684,-61.452,-1.191,5159.136,5143.895,5143.895,5089.5,627261529,7310795145
376,sz399438,绿色电力,1964.179,-20.831,-1.049,1985.01,1979.941,1982.594,1962.178,862592447,7087499837
377,sz399439,国证油气,1650.446,-7.274,-0.439,1657.72,1652.878,1666.826,1646.233,916456366,6577547639
378,sz399440,国证钢铁,1174.32,-3.845,-0.326,1178.165,1178.149,1180.845,1172.982,397630873,1660944012
379,sz399441,生物医药,2737.606,-9.718,-0.354,2747.324,2739.261,2757.386,2715.201,189686181,7537556811
380,sz399481,企债指数,126.331,0.002,0.002,126.329,126.329,126.332,126.327,4742010,455981147
381,sz399550,央视50,7013.077,-20.928,-0.298,7034.005,7032.953,7033.279,6986.613,1237577867,29102885714
382,sz399551,央视创新,8135.238,44.696,0.552,8090.542,8081.677,8135.358,8057.99,1012564976,29424561359
383,sz399552,央视成长,7733.614,-4.406,-0.057,7738.02,7723.299,7738.06,7697.313,932939961,19050861068
384,sz399553,央视回报,7296.346,30.95,0.426,7265.396,7264.952,7310.555,7242.75,470780533,14848966961
385,sz399554,央视治理,6932.911,9.176,0.133,6923.735,6922.318,6959.497,6905.84,1234773033,24926298266
386,sz399555,央视责任,4765.357,-16.542,-0.346,4781.899,4774.863,4775.365,4751.339,1405380729,23686210619
387,sz399556,央视生态,2487.848,2.715,0.109,2485.133,2475.607,2491.301,2463.858,710747210,18450281395
388,sz399557,央视文化,1958.471,12.579,0.646,1945.892,1941.422,1961.2,1937.547,2437701563,35568055674
389,sz399602,中小成长,1097.515,12.089,1.114,1085.426,1084.446,1099.519,1083.177,1342962145,37651660234
390,sz399604,中小价值,1894.087,5.568,0.295,1888.519,1884.694,1894.88,1879.444,1384125526,16950595870
391,sz399606,创业板R,2306.491,1.221,0.053,2305.27,2298.942,2309.673,2293.815,885850928,34406353790
392,sz399608,科技100,2970.358,10.496,0.355,2959.862,2953.408,2975.786,2947.375,1443629300,50126025784
393,sz399610,TMT50,5968.333,60.804,1.029,5907.529,5898.532,5972.896,5895.083,1751479050,44387448977
394,sz399611,中创100R,2368.984,9.88,0.419,2359.104,2353.368,2370.748,2347.87,1788570259,54825729369
395,sz399612,中创100,2089.733,7.958,0.382,2081.775,2075.958,2091.289,2071.108,1788570259,54825729369
396,sz399613,深证能源,3241.012,18.56,0.576,3222.452,3213.717,3246.799,3211.948,73404747,624406883
397,sz399614,深证材料,2922.967,-6.515,-0.222,2929.482,2919.965,2938.286,2908.232,902537924,14097575285
398,sz399615,深证工业,3294.381,8.164,0.248,3286.217,3276.329,3297.997,3256.272,1229959492,25464900859
399,sz399616,深证可选,5470.509,115.336,2.154,5355.173,5352.896,5471.545,5351.038,1602858375,21153181565
400,sz399617,深证消费,12046.088,130.278,1.093,11915.81,11866.595,12060.411,11860.113,129780367,5542860551
401,sz399618,深证医药,10265.397,-91.935,-0.888,10357.332,10338.543,10338.543,10223.438,339534840,10171755305
402,sz399619,深证金融,5538.576,-41.278,-0.74,5579.854,5561.254,5567.69,5532.011,456618889,4296631369
403,sz399620,深证信息,4212.649,36.975,0.885,4175.674,4170.017,4218.946,4169.012,4144061789,80944518154
404,sz399621,深证电信,3829.614,98.085,2.629,3731.529,3726.24,3836.597,3726.24,490820841,15908787330
405,sz399622,深证公用,1802.455,-30.483,-1.663,1832.938,1828.12,1835.217,1800.195,307711330,2356677563
406,sz399623,中小基础,7637.39,64.668,0.854,7572.722,7563.463,7642.341,7554.123,6427051806,94331981457
407,sz399624,中创400,2057.956,16.177,0.792,2041.779,2039.798,2059.597,2037.396,5919052034,89747447798
408,sz399625,中创500,1889.555,10.72,0.571,1878.835,1875.009,1890.722,1872.755,7707622293,144573177167
409,sz399626,中创成长,1496.159,5.048,0.339,1491.111,1487.23,1499.568,1484.459,1598891443,55311616293
410,sz399627,中创价值,2118.051,8.068,0.382,2109.983,2105.466,2121.513,2103.873,2380288160,39793396784
411,sz399628,700成长,1920.608,15.047,0.79,1905.561,1903.025,1921.788,1898.189,1729049078,33141996920
412,sz399629,700价值,2443.298,4.858,0.199,2438.44,2436.425,2445.585,2429.142,2606164007,25174725404
413,sz399630,1000成长,1368.637,5.644,0.414,1362.993,1359.187,1371.132,1357.403,3045844175,82955593334
414,sz399631,1000价值,1967.295,3.215,0.164,1964.08,1960.291,1969.656,1956.641,4497155856,51983763194
415,sz399632,深100EW,4621.063,23.777,0.517,4597.286,4582.713,4621.141,4569.873,2021576724,58045524512
416,sz399633,深300EW,5116.344,18.206,0.357,5098.138,5085.094,5123.622,5074.188,5077206950,114425746214
417,sz399634,中小等权,3528.444,24.228,0.691,3504.216,3496.037,3533.439,3491.499,2238269200,47529535320
418,sz399635,创业板EW,1724.829,2.927,0.17,1721.902,1717.203,1725.678,1712.615,885850928,34406353790
419,sz399636,深证装备,4505.926,29.551,0.66,4476.375,4461.464,4507.859,4455.538,1050274278,30508315318
420,sz399637,深证地产,2005.982,3.901,0.195,2002.081,2000.099,2012.947,1983.528,226064867,1697425713
421,sz399638,深证环保,5805.174,-14.253,-0.245,5819.427,5800.479,5829.311,5760.038,446517370,14723342359
422,sz399639,深证大宗,1853.77,-9.046,-0.486,1862.816,1854.914,1865.075,1845.465,438132047,8070211202
423,sz399640,创业基础,2106.074,5.136,0.244,2100.938,2095.737,2106.602,2093.171,5751818646,107352978736
424,sz399641,深证新兴,2115.043,9.158,0.435,2105.885,2101.268,2116.397,2099.023,3569004888,92097670143
425,sz399642,中小新兴,1914.359,17.873,0.942,1896.486,1893.238,1916.463,1890.614,2135584819,46264339683
426,sz399643,创业新兴,2600.321,3.18,0.122,2597.141,2589.379,2603.232,2585.564,1092910193,38216269165
427,sz399644,深证时钟,3642.651,19.876,0.549,3622.775,3611.76,3644.719,3603.352,1196660762,17927426752
428,sz399645,100低波,8913.176,-7.116,-0.08,8920.292,8879.854,8921.271,8856.955,953824463,19292068857
429,sz399646,深消费50,8100.969,132.146,1.658,7968.823,7952.696,8103.104,7949.064,990754119,18793798927
430,sz399647,深医药50,9953.729,-91.385,-0.91,10045.114,10027.794,10027.794,9914.913,284777656,8564271249
431,sz399648,深证GDP,10160.153,16.728,0.165,10143.425,10129.297,10163.877,10110.364,1736739741,45654215253
432,sz399649,中小红利,2958.104,1.913,0.065,2956.191,2947.029,2959.783,2937.098,507365333,7660253584
433,sz399650,中小治理,2240.32,17.698,0.796,2222.622,2220.231,2242.67,2217.306,617626780,14554603201
434,sz399651,中小责任,1667.724,5.919,0.356,1661.805,1657.651,1670.072,1654.731,902330129,16657796596
435,sz399652,中创高新,3562.608,32.049,0.908,3530.559,3528.378,3577.425,3519.789,991063084,25762904824
436,sz399653,深证龙头,2480.24,10.992,0.445,2469.248,2465.163,2480.722,2461.987,1261201378,33384958832
437,sz399654,深证文化,2822.586,29.681,1.063,2792.905,2795.387,2828.167,2791.878,3067625335,39325676533
438,sz399655,深证绩效,10888.495,70.548,0.652,10817.947,10770.466,10890.769,10719.67,905072481,26415310526
439,sz399656,100绩效,5899.832,44.948,0.768,5854.884,5837.685,5899.979,5816.295,2021576724,58045524512
440,sz399657,300绩效,6110.183,35.278,0.581,6074.905,6059.883,6112.464,6040.389,5077206950,114425746214
441,sz399658,中小绩效,4098.996,43.07,1.062,4055.926,4045.096,4100.822,4039.796,2238269200,47529535320
442,sz399659,深成指EW,3837.303,14.666,0.384,3822.637,3815.243,3842.389,3807.139,7840659871,150832151830
443,sz399660,中创EW,2199.938,14.398,0.659,2185.54,2179.756,2200.086,2174.781,1788570259,54825729369
444,sz399661,深证低波,5286.605,-10.522,-0.199,5297.127,5286.474,5300.963,5273.521,1382692289,17213561093
445,sz399662,深证高贝,1715.991,17.036,1.003,1698.955,1696.35,1719.249,1694.729,2108315781,64871690880
446,sz399663,中小低波,1771.899,4.401,0.249,1767.498,1764.447,1774.396,1760.24,1046631490,11379414818
447,sz399664,中小高贝,1123.487,22.421,2.036,1101.066,1102.415,1125.219,1102.009,2075599364,43908962172
448,sz399665,中创低波,1956.467,5.524,0.283,1950.943,1947.25,1958.729,1943.869,2127843011,27561539415
449,sz399666,中创高贝,1525.145,17.629,1.169,1507.516,1505.192,1526.309,1504.156,3151910357,85957446494
450,sz399667,创业板G,3236.591,-2.076,-0.064,3238.667,3228.377,3240.909,3216.33,560635438,26430849556
451,sz399668,创业板V,3786.366,26.334,0.7,3760.032,3745.987,3789.486,3745.547,1512063779,29146015423
452,sz399669,深证农业,9491.209,70.596,0.749,9420.613,9388.577,9498.503,9383.215,326383719,7031895135
453,sz399670,深周期50,3280.182,6.615,0.202,3273.567,3263.013,3289.212,3253.172,1136708493,23301628497
454,sz399671,深防御50,7930.241,46.91,0.595,7883.331,7863.633,7931.596,7849.038,506137900,16970976092
455,sz399672,深红利50,4010.124,5.222,0.13,4004.902,3991.082,4014.207,3973.611,375761541,4877610546
456,sz399673,创业板50,2036.727,0.784,0.039,2035.943,2029.195,2039.298,2023.604,557736199,26988396592
457,sz399674,深A医药,2200.875,-22.258,-1.001,2223.133,2219.653,2219.653,2191.957,1081935742,18097842163
458,sz399675,深互联网,3504.838,41.189,1.189,3463.649,3466.775,3515.022,3466.279,4112911124,69226806845
459,sz399676,深医药EW,3421.236,-38.685,-1.118,3459.921,3456.511,3456.511,3406.696,1081935742,18097842163
460,sz399677,深互联EW,4933.087,37.264,0.761,4895.823,4893.869,4939.091,4893.782,4112911124,69226806845
461,sz399678,深次新股,714.727,2.399,0.337,712.328,709.86,714.786,709.042,359679733,12510422313
462,sz399679,深证200R,4711.236,21.255,0.453,4689.981,4681.122,4721.47,4677.294,3055630226,56380221702
463,sz399680,深成能源,697.695,4.921,0.71,692.774,689.622,699.786,688.995,44150164,438689772
464,sz399681,深成材料,1006.445,-2.379,-0.236,1008.824,1005.307,1011.814,1001.433,789288031,12260789785
465,sz399682,深成工业,1474.697,2.083,0.141,1472.614,1468.6,1477.369,1458.896,868536554,20417456593
466,sz399683,深成可选,1591.838,31.666,2.03,1560.172,1559.732,1592.316,1559.383,1294323122,17003918015
467,sz399684,深成消费,2454.891,26.925,1.109,2427.966,2419.265,2456.941,2417.628,256063564,6455734371
468,sz399685,深成医药,2088.026,-18.451,-0.876,2106.477,2102.814,2102.814,2079.855,336644721,9535369088
469,sz399686,深成金融,1660.928,-13.275,-0.793,1674.203,1668.433,1669.274,1658.254,578204076,4977358364
470,sz399687,深成信息,2786.097,25.408,0.92,2760.689,2756.845,2790.311,2756.245,3102527767,66296087154
471,sz399688,深成电信,1975.63,41.443,2.143,1934.187,1930.739,1984.857,1930.613,221483088,10443327440
472,sz399689,深成公用,936.046,-15.975,-1.678,952.021,949.437,952.891,935.056,261723436,2048320716
473,sz399690,中小专利,2460.57,18.513,0.758,2442.057,2439.262,2460.929,2429.056,301295146,2573664512
474,sz399691,创业专利,2370.202,13.262,0.563,2356.94,2347.627,2370.651,2345.52,394887968,4023312812
475,sz399692,创业低波,3572.774,-0.124,-0.003,3572.898,3563.519,3575.158,3554.101,711612846,13714775243
476,sz399693,安防产业,4531.29,3.954,0.087,4527.336,4518.389,4551.508,4511.94,800494307,15939913324
477,sz399694,创业高贝,2791.911,17.318,0.624,2774.593,2767.226,2792.845,2759.958,1118982089,40397413780
478,sz399695,深证节能,2523.887,1.891,0.075,2521.996,2514.119,2530.322,2499.357,1132386316,22999935369
479,sz399696,深证创投,2810.278,28.479,1.024,2781.799,2781.658,2811.446,2778.551,1910117848,34739403638
480,sz399697,中关村60,3962.124,31.409,0.799,3930.715,3930.511,3969.853,3929.343,1631813656,25580224874
481,sz399698,优势成长,32964.949,95.406,0.29,32869.543,32852.539,32977.555,32480.568,75119835,1168137686
482,sz399699,金融科技,3730.745,13.053,0.351,3717.692,3712.934,3749.409,3711.052,1578074134,27828467367
483,sz399701,深证F60,7352.901,11.494,0.157,7341.407,7328.0,7362.143,7316.966,1511355697,24655287820
484,sz399702,深证F120,6777.047,6.603,0.098,6770.444,6755.995,6784.669,6742.809,2424287114,42757380108
485,sz399703,深证F200,6655.244,6.292,0.095,6648.952,6634.433,6662.617,6621.801,3385487312,66459014243
486,sz399704,深证上游,4695.254,-34.724,-0.734,4729.978,4707.864,4729.072,4680.612,439474769,7704109629
487,sz399705,深证中游,2816.134,12.074,0.431,2804.06,2796.844,2820.564,2793.614,2230074954,57453744083
488,sz399706,深证下游,6208.019,52.918,0.86,6155.101,6142.91,6209.599,6126.722,1926829525,46776388342
489,sz399707,CSSW证券,4916.622,-51.752,-1.042,4968.374,4955.573,4955.573,4909.14,811611690,8522135712
490,sz399802,500深市,5243.013,20.651,0.395,5222.362,5211.361,5256.19,5207.571,3242874665,51972447920
491,sz399803,工业4.0,3747.939,17.171,0.46,3730.768,3725.501,3750.07,3723.488,1123707188,33578839581
492,sz399804,中证体育,2116.127,32.069,1.539,2084.058,2085.635,2120.461,2082.611,1435062270,18718186894
493,sz399805,互联金融,2749.954,6.464,0.236,2743.49,2742.264,2763.881,2738.486,1014789243,16914557930
494,sz399806,环境治理,1212.067,-5.257,-0.432,1217.324,1213.446,1214.011,1203.412,370484126,2742925026
495,sz399807,高铁产业,1371.168,-9.682,-0.701,1380.85,1374.781,1374.781,1359.67,695208078,5140819387
496,sz399808,中证新能,2783.219,-0.344,-0.012,2783.563,2771.264,2787.865,2748.183,955025312,27442120937
497,sz399809,保险主题,1880.139,-8.894,-0.471,1889.033,1889.064,1912.261,1868.754,1232709417,11698308720
498,sz399810,CSSW传媒,3381.437,22.399,0.667,3359.038,3350.11,3392.009,3346.422,3566849185,44811176366
499,sz399811,CSSW电子,3105.076,25.153,0.817,3079.923,3082.267,3116.485,3079.938,1542787467,39865761146
500,sz399812,养老产业,6427.254,9.186,0.143,6418.068,6410.815,6428.648,6372.235,583411598,15976117171
501,sz399813,中证国安,5889.332,16.724,0.285,5872.608,5869.535,5896.435,5861.195,2536232448,44110886971
502,sz399814,大农业,1120.536,4.191,0.375,1116.345,1113.952,1122.67,1111.096,369348624,5346621797
503,sz399901,小康指数,5404.249,-40.689,-0.747,5444.938,5430.183,5430.183,5391.449,3578137000,44932791962
504,sz399903,中证100,3660.907,-7.023,-0.191,3667.93,3657.237,3661.907,3645.07,3333488500,71244310923
505,sz399905,中证 500,6021.84,12.257,0.204,6009.583,5999.617,6036.48,5987.268,6860260900,94323468475
506,sz399913,300 医药,9452.332,-72.154,-0.758,9524.486,9497.095,9497.095,9398.124,223566900,9556697383
507,sz399914,300 金融,5289.432,-53.131,-0.994,5342.563,5334.341,5334.341,5287.728,2279152400,20096706889
508,sz399928,中证能源,2576.943,-5.452,-0.211,2582.395,2573.419,2601.158,2563.872,710308300,4809827282
509,sz399932,中证消费,19128.117,157.793,0.832,18970.324,18936.166,19147.621,18898.252,270166300,10598564548
510,sz399933,中证医药,9436.157,-72.51,-0.763,9508.667,9486.361,9486.498,9391.736,502538500,16559355511
511,sz399934,中证金融,4973.976,-48.395,-0.964,5022.371,5014.749,5014.749,4971.868,3041325400,24362196898
512,sz399935,中证信息,4369.479,26.353,0.607,4343.126,4339.445,4384.365,4335.455,2352674100,69804724496
513,sz399959,军工指数,1444.483,-7.649,-0.527,1452.132,1449.491,1451.393,1442.797,262313081,5460062420
514,sz399965,800地产,3811.732,-1.696,-0.044,3813.428,3806.493,3834.085,3779.887,374693311,2741864121
515,sz399966,800非银,4899.673,-40.937,-0.829,4940.61,4931.37,4931.981,4888.453,893182185,11604716718
516,sz399967,中证军工,10640.038,-20.22,-0.19,10660.258,10639.176,10679.572,10611.628,600600835,11225271909
517,sz399970,移动互联,3215.311,27.019,0.847,3188.292,3185.31,3219.737,3182.275,3327633124,76340910213
518,sz399971,中证传媒,1472.243,10.75,0.736,1461.493,1458.02,1476.334,1456.009,2534225219,33127029218
519,sz399972,300深市,4660.808,17.967,0.387,4642.841,4629.552,4661.865,4621.323,2223478067,65231258341
520,sz399973,中证国防,1558.651,-10.458,-0.666,1569.109,1564.605,1566.801,1555.535,242110057,5154297081
521,sz399974,国企改革,1682.413,-1.869,-0.111,1684.282,1680.46,1683.68,1676.097,2500106199,52245696634
522,sz399975,证券公司,644.458,-6.753,-1.037,651.211,649.498,649.498,643.49,832716596,8675317674
523,sz399976,CS新能车,3637.421,8.506,0.234,3628.915,3615.576,3652.51,3599.586,394910138,16180913635
524,sz399982,500等权,7432.85,9.234,0.124,7423.616,7411.313,7448.788,7390.553,6860260900,94323468475
525,sz399983,地产等权,3862.789,-1.524,-0.039,3864.313,3845.649,3883.831,3820.844,185507756,1845045534
526,sz399986,中证银行,5824.642,-76.062,-1.289,5900.704,5892.479,5892.497,5823.785,1818349586,9464097795
527,sz399987,中证酒,7727.148,119.931,1.577,7607.217,7595.938,7737.378,7571.818,181437252,9393877638
528,sz399989,中证医疗,8843.1,-47.66,-0.536,8890.76,8865.406,8909.705,8788.131,213498315,7716111114
529,sz399990,煤炭等权,2661.826,9.39,0.354,2652.436,2650.134,2670.354,2640.351,504272054,3272861526
530,sz399991,一带一路,1972.142,-9.017,-0.455,1981.159,1974.004,1976.542,1963.526,2371920859,26988620475
531,sz399992,CSWD并购,1690.575,-0.314,-0.019,1690.889,1686.539,1690.575,1681.59,691705065,8963975410
532,sz399993,CSWD生科,3005.463,-13.726,-0.455,3019.189,3012.609,3023.988,2981.837,321281561,10006032731
533,sz399994,信息安全,1792.016,3.014,0.168,1789.002,1786.32,1800.503,1780.686,1826629495,32385833754
534,sz399995,基建工程,4329.489,-49.768,-1.136,4379.257,4364.173,4364.173,4306.974,1041472228,8052052318
535,sz399996,智能家居,2940.84,51.864,1.795,2888.976,2894.39,2942.048,2893.427,2265675565,48703792590
536,sz399997,中证白酒,13834.15,175.733,1.287,13658.417,13632.165,13849.164,13577.563,60012344,6761036727
537,sz399998,中证煤炭,2017.545,5.846,0.291,2011.699,2007.493,2024.303,2000.061,504272054,3272861526
538,sz980015,,8601.429,-57.705,-0.666,8659.134,8641.343,8649.693,8564.787,307276944,10419772480
539,sz980016,,7202.821,-47.946,-0.661,7250.767,7233.49,7241.525,7169.395,361803541,12703351976
540,sz980028,,10252.282,268.78,2.692,9983.502,9963.128,10254.628,9935.735,207810086,5678239128
541,sz980030,,4421.884,57.812,1.325,4364.072,4367.203,4435.989,4366.073,961878245,16620848158
542,sz980032,,11896.613,27.032,0.228,11869.581,11831.062,11954.896,11785.607,234288427,11048707046
