588000,科创50ETF
512010,医药ETF
513050,中概互联网ETF
512880,证券ETF
159941,纳指ETF
510050,上证50ETF
159995,芯片ETF
513060,恒生医疗ETF
510300,沪深300ETF
159949,创业板50ETF
512690,酒ETF
515790,光伏ETF
159928,消费ETF
512660,军工ETF
159992,创新药ETF
510810,上海国企ETF
515880,通信ETF
515030,新能源车ETF
512200,房地产ETF
159736,饮食ETF
512800,银行ETF
516970,基建50ETF
159865,养殖ETF
159755,电池ETF
512980,传媒ETF
510880,红利ETF
159901,深证100ETF
515170,食品饮料ETF
159790,碳中和ETF
159813,半导体ETF
159883,医疗器械ETF
512400,有色金属ETF
159869,游戏ETF
159819,人工智能ETF
159996,家电ETF
159837,生物科技ETF
159766,旅游ETF
159870,化工ETF
518880,黄金ETF
159611,电力ETF